/*!40101 SET @OLD_CHARACTER_SET_CLIENT=@@CHARACTER_SET_CLIENT */;
/*!40101 SET NAMES utf8 */;
/*!50503 SET NAMES utf8mb4 */;
/*!40103 SET @OLD_TIME_ZONE=@@TIME_ZONE */;
/*!40103 SET TIME_ZONE='+00:00' */;
/*!40014 SET @OLD_FOREIGN_KEY_CHECKS=@@FOREIGN_KEY_CHECKS, FOREIGN_KEY_CHECKS=0 */;
/*!40101 SET @OLD_SQL_MODE=@@SQL_MODE, SQL_MODE='NO_AUTO_VALUE_ON_ZERO' */;
/*!40111 SET @OLD_SQL_NOTES=@@SQL_NOTES, SQL_NOTES=0 */;

CREATE DATABASE IF NOT EXISTS `ad_locum` /*!40100 DEFAULT CHARACTER SET utf8mb4 COLLATE utf8mb4_0900_ai_ci */ /*!80016 DEFAULT ENCRYPTION='N' */;
USE `ad_locum`;

CREATE TABLE IF NOT EXISTS `additional_fee_details` (
  `id` bigint NOT NULL AUTO_INCREMENT,
  `additional_fees_amount` double NOT NULL,
  `description` varchar(255) DEFAULT NULL,
  `job_post_id` bigint DEFAULT NULL,
  PRIMARY KEY (`id`),
  KEY `FK67127t7q728hog94w05j6oair` (`job_post_id`),
  CONSTRAINT `FK67127t7q728hog94w05j6oair` FOREIGN KEY (`job_post_id`) REFERENCES `job_post` (`id`)
) ENGINE=InnoDB AUTO_INCREMENT=3 DEFAULT CHARSET=utf8mb4 COLLATE=utf8mb4_0900_ai_ci;

REPLACE INTO `additional_fee_details` (`id`, `additional_fees_amount`, `description`, `job_post_id`) VALUES
	(1, 50, 'Swab', 3),
	(2, 60, 'Transport', 3);

CREATE TABLE IF NOT EXISTS `average_daily_rate` (
  `date` date NOT NULL,
  `average_daily_rate_weekday` double DEFAULT NULL,
  `average_daily_rate_weekend` double DEFAULT NULL,
  `weekday_14_ma` double DEFAULT NULL,
  `weekday_28_ma` double DEFAULT NULL,
  `weekend_14_ma` double DEFAULT NULL,
  `weekend_28_ma` double DEFAULT NULL,
  PRIMARY KEY (`date`)
) ENGINE=InnoDB DEFAULT CHARSET=utf8mb4 COLLATE=utf8mb4_0900_ai_ci;


CREATE TABLE IF NOT EXISTS `clinic` (
  `id` bigint NOT NULL AUTO_INCREMENT,
  `hcicode` varchar(255) DEFAULT NULL,
  `address` varchar(255) DEFAULT NULL,
  `contact` varchar(255) DEFAULT NULL,
  `email` varchar(255) DEFAULT NULL,
  `name` varchar(255) DEFAULT NULL,
  `postal_code` varchar(255) DEFAULT NULL,
  `organization_id` bigint DEFAULT NULL,
  PRIMARY KEY (`id`),
  KEY `FKg38r6jchy4h713a29dtl84g5n` (`organization_id`),
  CONSTRAINT `FKg38r6jchy4h713a29dtl84g5n` FOREIGN KEY (`organization_id`) REFERENCES `organization` (`id`)
) ENGINE=InnoDB AUTO_INCREMENT=11 DEFAULT CHARSET=utf8mb4 COLLATE=utf8mb4_0900_ai_ci;

REPLACE INTO `clinic` (`id`, `hcicode`, `address`, `contact`, `email`, `name`, `postal_code`, `organization_id`) VALUES
	(1, '21M0064', '322, #01-03 Sumang Walk', NULL, NULL, 'Punggol Family Clinic', '820322', 3),
	(2, '20M0355', 'Yishun', NULL, NULL, 'SilverCross Clinic (Yishun)', '654321', 2),
	(3, '15M0364', '21 CHOA CHU KANG AVE 4 LOT 1 SHOPPERS\' MALL #B1-07A SINGAPORE 689812', NULL, NULL, 'Raffles Medical (Lot1 Shoppers Mall)', '689812', 1),
	(4, '17M0142', 'BLK 259 PASIR RIS STREET 21 LOYANG POINT #02-33', NULL, NULL, 'Raffles Medical (Loyang Point)', '510259', 1),
	(5, '21M0229', '252 NORTH BRIDGE ROAD RAFFLES CITY SHOPPING CENTRE #02-17', '88834567', 'rafflemedical111@gmail.com', 'Raffles Medical (Raffles City Shopping Centre)', '179103', 1),
	(6, '21M0162', '1 Woodlands Square #05-20 Causeway Point', NULL, NULL, 'Raffles Medical - Causeway Point', '738099', 1),
	(7, '21M0163', 'Blk 203 Bedok North Street 1, #01-467', NULL, NULL, 'Raffles Medical - Bedok North Blk 203', '460203', 1),
	(8, '21M0164', 'Blk 131 Jurong Gateway Road, #01-267', NULL, NULL, 'Raffles Medical - Jurong East', '600131', 1),
	(9, '21M0165', '51 Anson Road, #01-51 Anson Centre', NULL, NULL, 'Raffles Medical Anson Centre', '079904', 1),
	(10, '21M0161', 'Bishan Street 22, #01-177 Blk 283', NULL, NULL, 'Raffles Medical Bishan', '570283', 1);

CREATE TABLE IF NOT EXISTS `firebase_device_token` (
  `id` int NOT NULL AUTO_INCREMENT,
  `is_logged_into_mobile_app` bit(1) DEFAULT NULL,
  `token` varchar(255) DEFAULT NULL,
  `user_name` varchar(255) DEFAULT NULL,
  PRIMARY KEY (`id`)
) ENGINE=InnoDB AUTO_INCREMENT=4 DEFAULT CHARSET=utf8mb4 COLLATE=utf8mb4_0900_ai_ci;

REPLACE INTO `firebase_device_token` (`id`, `is_logged_into_mobile_app`, `token`, `user_name`) VALUES
	(1, b'0', '', 'dr_robert'),
	(2, b'0', '', 'dr_mary'),
	(3, b'0', '', 'luffy');

CREATE TABLE IF NOT EXISTS `job_additional_remarks` (
  `id` bigint NOT NULL AUTO_INCREMENT,
  `category` smallint DEFAULT NULL,
  `date_time` datetime(6) DEFAULT NULL,
  `remarks` varchar(255) DEFAULT NULL,
  `job_post_id` bigint DEFAULT NULL,
  `user_id` bigint DEFAULT NULL,
  PRIMARY KEY (`id`),
  KEY `FKqpin7eca6cp29a2leqy27yf12` (`job_post_id`),
  KEY `FKba3eqo4owradvp3f85twqlnlj` (`user_id`),
  CONSTRAINT `FKba3eqo4owradvp3f85twqlnlj` FOREIGN KEY (`user_id`) REFERENCES `user` (`id`),
  CONSTRAINT `FKqpin7eca6cp29a2leqy27yf12` FOREIGN KEY (`job_post_id`) REFERENCES `job_post` (`id`)
) ENGINE=InnoDB AUTO_INCREMENT=32 DEFAULT CHARSET=utf8mb4 COLLATE=utf8mb4_0900_ai_ci;

REPLACE INTO `job_additional_remarks` (`id`, `category`, `date_time`, `remarks`, `job_post_id`, `user_id`) VALUES
	(1, 5, '2023-02-01 03:00:00.000000', 'Cancelled due to ...', 1, 2),
	(2, 3, '2023-02-01 02:00:00.000000', '', 1, 2),
	(3, 5, '2023-02-01 01:00:00.000000', 'Cancelled due to ...', 1, 1),
	(4, 3, '2023-01-12 12:00:00.000000', '', 1, 1),
	(5, 1, '2023-01-12 11:00:00.000000', '', 1, 3),
	(6, 1, '2023-02-12 01:00:00.000000', '', 2, 3),
	(7, 5, '2023-02-12 12:00:00.000000', '', 3, 3),
	(8, 4, '2023-01-21 13:00:00.000000', '', 3, 3),
	(9, 3, '2023-01-20 13:00:00.000000', '', 3, 1),
	(10, 1, '2023-01-20 12:00:00.000000', '', 3, 3),
	(11, 7, '2023-02-01 21:00:00.000000', '', 4, 3),
	(12, 4, '2023-02-01 13:00:00.000000', '', 4, 3),
	(13, 3, '2023-02-01 12:00:00.000000', '', 4, 2),
	(14, 1, '2023-02-01 11:00:00.000000', '', 4, 3),
	(15, 1, '2023-02-20 12:00:00.000000', '', 5, 4),
	(16, 1, '2023-02-20 03:00:00.000000', '', 6, 4),
	(17, 3, '2023-01-21 14:00:00.000000', '', 7, 2),
	(18, 1, '2023-01-21 13:00:00.000000', '', 7, 3),
	(19, 6, '2023-02-19 01:00:00.000000', '', 8, 5),
	(20, 1, '2023-02-19 01:00:00.000000', '', 8, 3),
	(21, 3, '2023-02-16 03:00:00.000000', '', 9, 2),
	(22, 1, '2023-02-16 02:00:00.000000', '', 9, 3),
	(23, 8, '2023-02-08 20:00:00.000000', '', 10, 3),
	(24, 7, '2023-02-08 19:00:00.000000', '', 10, 3),
	(25, 4, '2023-02-06 15:00:00.000000', '', 10, 3),
	(26, 3, '2023-02-06 14:00:00.000000', '', 10, 2),
	(27, 1, '2023-02-06 13:00:00.000000', '', 10, 3),
	(28, 4, '2023-02-20 11:00:00.000000', '', 11, 3),
	(29, 3, '2023-02-20 10:00:00.000000', '', 11, 2),
	(30, 1, '2023-02-20 09:00:00.000000', '', 11, 3),
	(31, 1, '2023-02-19 13:00:00.000000', '', 12, 4),
	(32, 7, '2023-01-02 21:30:00.000000', '', 13, 3),
	(33, 4, '2023-01-02 13:00:00.000000', '', 13, 3),
	(34, 3, '2023-01-02 12:00:00.000000', '', 13, 7),
	(35, 1, '2023-01-02 11:00:00.000000', '', 13, 3),
	(36, 7, '2023-01-09 21:00:00.000000', '', 14, 3),
	(37, 4, '2023-01-09 13:00:00.000000', '', 14, 3),
	(38, 3, '2023-01-09 12:00:00.000000', '', 14, 7),
	(39, 1, '2023-01-09 09:00:00.000000', '', 14, 3),
	(40, 7, '2023-01-16 21:00:00.000000', '', 15, 3),
	(41, 4, '2023-01-16 13:00:00.000000', '', 15, 3),
	(42, 3, '2023-01-16 12:00:00.000000', '', 15, 7),
	(43, 1, '2023-01-16 09:00:00.000000', '', 15, 3),
	(44, 7, '2023-01-23 21:00:00.000000', '', 16, 3),
	(45, 4, '2023-01-23 13:00:00.000000', '', 16, 3),
	(46, 3, '2023-01-23 12:00:00.000000', '', 16, 7),
	(47, 1, '2023-01-23 09:00:00.000000', '', 16, 3),
	(48, 7, '2023-01-01 19:00:00.000000', '', 17, 3),
	(49, 4, '2023-01-01 13:00:00.000000', '', 17, 3),
	(50, 3, '2023-01-01 12:00:00.000000', '', 17, 7),
	(51, 1, '2023-01-01 09:00:00.000000', '', 17, 3),
	(52, 7, '2023-01-08 21:00:00.000000', '', 18, 3),
	(53, 4, '2023-01-08 13:00:00.000000', '', 18, 3),
	(54, 3, '2023-01-08 12:00:00.000000', '', 18, 7),
	(55, 1, '2023-01-08 09:00:00.000000', '', 18, 3),
	(56, 7, '2023-01-15 21:00:00.000000', '', 19, 3),
	(57, 4, '2023-01-15 13:00:00.000000', '', 19, 3),
	(58, 3, '2023-01-15 12:00:00.000000', '', 19, 7),
	(59, 1, '2023-01-15 09:00:00.000000', '', 19, 3),
	(60, 7, '2023-01-12 02:00:00.000000', '', 20, 3),
	(61, 4, '2023-01-11 13:00:00.000000', '', 20, 3),
	(62, 3, '2023-01-11 12:00:00.000000', '', 20, 7),
	(63, 1, '2023-01-11 09:00:00.000000', '', 20, 3),
	(64, 7, '2023-01-19 07:00:00.000000', '', 21, 3),
	(65, 4, '2023-01-18 13:00:00.000000', '', 21, 3),
	(66, 3, '2023-01-18 12:00:00.000000', '', 21, 7),
	(67, 1, '2023-01-18 09:00:00.000000', '', 21, 3),
	(68, 7, '2023-01-30 15:00:00.000000', '', 22, 3),
	(69, 4, '2023-01-30 13:00:00.000000', '', 22, 3),
	(70, 3, '2023-01-30 12:00:00.000000', '', 22, 7),
	(71, 1, '2023-01-30 09:00:00.000000', '', 22, 3),
	(72, 1, '2023-02-02 11:00:00.000000', '', 23, 3),
	(73, 1, '2023-02-02 11:00:00.000000', '', 24, 3),
	(74, 1, '2023-02-02 11:00:00.000000', '', 25, 3),
	(75, 1, '2023-02-02 11:00:00.000000', '', 26, 3),
	(76, 1, '2023-02-02 11:00:00.000000', '', 27, 3),
	(77, 1, '2023-02-02 11:00:00.000000', '', 28, 3),
	(78, 1, '2023-02-02 11:00:00.000000', '', 29, 3),
	(79, 1, '2023-02-02 11:00:00.000000', '', 30, 3),
	(80, 1, '2023-02-02 11:00:00.000000', '', 31, 3),
	(81, 1, '2022-12-30 11:00:00.000000', '', 32, 3);

CREATE TABLE IF NOT EXISTS `job_post` (
  `id` bigint NOT NULL AUTO_INCREMENT,
  `actual_end_date_time` datetime(6) DEFAULT NULL,
  `actual_start_date_time` datetime(6) DEFAULT NULL,
  `additional_remarks` varchar(255) DEFAULT NULL,
  `description` varchar(255) DEFAULT NULL,
  `end_date_time` datetime(6) DEFAULT NULL,
  `payment_date` date DEFAULT NULL,
  `payment_reference_number` varchar(255) DEFAULT NULL,
  `rate_per_hour` double NOT NULL,
  `start_date_time` datetime(6) DEFAULT NULL,
  `status` smallint DEFAULT NULL,
  `title` varchar(255) DEFAULT NULL,
  `clinic_id` bigint DEFAULT NULL,
  `clinic_user_id` bigint DEFAULT NULL,
  `freelancer_id` bigint DEFAULT NULL,
  PRIMARY KEY (`id`),
  KEY `FK4geo23j7qavd1mnoorr14sn9y` (`clinic_id`),
  KEY `FK2h4w4fvw8ts306f2v2ccedpp` (`clinic_user_id`),
  KEY `FKlij3bkekiwq55x9b4qh5qc1cq` (`freelancer_id`),
  CONSTRAINT `FK2h4w4fvw8ts306f2v2ccedpp` FOREIGN KEY (`clinic_user_id`) REFERENCES `user` (`id`),
  CONSTRAINT `FK4geo23j7qavd1mnoorr14sn9y` FOREIGN KEY (`clinic_id`) REFERENCES `clinic` (`id`),
  CONSTRAINT `FKlij3bkekiwq55x9b4qh5qc1cq` FOREIGN KEY (`freelancer_id`) REFERENCES `user` (`id`)
) ENGINE=InnoDB AUTO_INCREMENT=33 DEFAULT CHARSET=utf8mb4 COLLATE=utf8mb4_0900_ai_ci;

REPLACE INTO `job_post` (`id`, `actual_end_date_time`, `actual_start_date_time`, `additional_remarks`, `description`, `end_date_time`, `payment_date`, `payment_reference_number`, `rate_per_hour`, `start_date_time`, `status`, `title`, `clinic_id`, `clinic_user_id`, `freelancer_id`) VALUES
	(1, NULL, NULL, '', 'Looking for locum doctor', '2023-02-22 20:30:00.000000', NULL, '', 100, '2023-02-22 18:30:00.000000', 0, 'Looking for locum @ RMG Lot 1', 3, 3, NULL),
	(2, NULL, NULL, '', 'Looking for locum physiotherapist to perform the following ...', '2023-02-25 20:30:00.000000', NULL, '', 88.8, '2023-02-25 18:30:00.000000', 0, 'Looking for locum physiotherapist', 3, 3, NULL),
	(3, NULL, NULL, '', 'Looking for locum occupational therapist', '2023-02-28 20:30:00.000000', NULL, '', 88.8, '2023-02-28 18:30:00.000000', 5, 'Looking for locum occupational therapist', 3, 3, 1),
	(4, '2023-02-01 21:30:00.000000', '2023-02-01 18:30:00.000000', '', 'Raffles Medical Group in Lot1 looking for locum urgently!', '2023-02-01 20:30:00.000000', NULL, '', 100, '2023-02-01 18:30:00.000000', 3, 'Urgent Request for RMG @ Lot 1', 3, 3, 1),
	(5, '2023-01-15 22:30:00.000000', '2023-01-15 18:30:00.000000', '', 'Raffles Medical Group in Loyang Point looking for locum urgently!', '2023-02-23 22:30:00.000000', NULL, '', 100, '2023-02-23 18:30:00.000000', 0, 'Looking for locum @ RMG Loyang Point', 4, 4, NULL),
	(6, '2023-02-20 20:30:00.000000', '2023-02-20 18:30:00.000000', '', 'Raffles Medical Group in Raffles City Shopping Centre looking for locum urgently!', '2023-02-20 20:30:00.000000', NULL, '', 100, '2023-02-20 18:30:00.000000', 0, 'Urgent Request for RMG @ Raffles City', 5, 4, NULL),
	(7, NULL, NULL, '', 'Raffles Medical Group in Raffles City looking for locum urgently!', '2023-02-21 21:00:00.000000', NULL, '', 100, '2023-02-21 18:30:00.000000', 1, 'Urgent Request for RMG @ Raffles City', 5, 3, 2),
	(8, NULL, NULL, '', 'Looking for locum urgently!', '2023-02-21 21:00:00.000000', NULL, '', 100, '2023-02-21 18:30:00.000000', 7, 'Urgent Request for RMG @ Raffles City', 5, 3, NULL),
	(9, NULL, NULL, '', 'Looking for locum urgently!', '2023-02-21 21:00:00.000000', NULL, '', 100, '2023-02-21 18:30:00.000000', 1, 'Urgent Request for RMG @ Raffles City', 5, 3, 2),
	(10, '2023-02-08 21:00:00.000000', '2023-02-08 18:30:00.000000', '', 'Looking for locum urgently!', '2023-02-08 21:00:00.000000', NULL, '', 100, '2023-02-08 18:30:00.000000', 4, 'Urgent Request for RMG @ Raffles City', 5, 3, 2),
	(11, NULL, NULL, '', 'Looking for locum urgently!', '2023-02-20 21:00:00.000000', NULL, '', 100, '2023-02-20 18:30:00.000000', 2, 'Urgent Request for RMG @ Raffles City', 5, 3, 2),
	(12, NULL, NULL, '', 'Looking for locum doctor', '2023-02-22 20:30:00.000000', NULL, '', 100, '2023-02-22 18:30:00.000000', 0, 'Looking for locum @ RMG Lot 1', 3, 4, NULL),
	(13, '2023-01-02 21:30:00.000000', '2023-01-02 10:30:00.000000', '', 'Raffles Medical Group in Lot1 looking for locum urgently!', '2023-01-02 20:30:00.000000', NULL, '', 100, '2023-01-02 10:30:00.000000', 3, 'Recommender accepted 1', 7, 3, 7),
	(14, '2023-01-09 21:30:00.000000', '2023-01-09 10:30:00.000000', '', 'Raffles Medical Group in Lot1 looking for locum urgently!', '2023-01-09 20:30:00.000000', NULL, '', 100, '2023-01-09 10:30:00.000000', 3, 'Recommender accepted 2', 7, 3, 7),
	(15, '2023-01-16 21:30:00.000000', '2023-01-16 10:30:00.000000', '', 'Raffles Medical Group in Lot1 looking for locum urgently!', '2023-01-16 20:30:00.000000', NULL, '', 100, '2023-01-16 10:30:00.000000', 3, 'Recommender accepted 3', 7, 3, 7),
	(16, '2023-01-23 21:30:00.000000', '2023-01-23 10:30:00.000000', '', 'Raffles Medical Group in Lot1 looking for locum urgently!', '2023-01-23 20:30:00.000000', NULL, '', 100, '2023-01-23 10:30:00.000000', 3, 'Recommender accepted 4', 7, 3, 7),
	(17, '2023-01-01 18:30:00.000000', '2023-01-01 14:30:00.000000', '', 'Raffles Medical Group in Lot1 looking for locum urgently!', '2023-01-01 18:30:00.000000', NULL, '', 100, '2023-01-01 14:30:00.000000', 3, 'Recommender accepted 5', 10, 3, 7),
	(18, '2023-01-08 18:30:00.000000', '2023-01-08 14:30:00.000000', '', 'Raffles Medical Group in Lot1 looking for locum urgently!', '2023-01-08 18:30:00.000000', NULL, '', 100, '2023-01-08 14:30:00.000000', 3, 'Recommender accepted 6', 10, 3, 7),
	(19, '2023-01-15 19:30:00.000000', '2023-01-15 15:30:00.000000', '', 'Raffles Medical Group in Lot1 looking for locum urgently!', '2023-01-15 19:30:00.000000', NULL, '', 100, '2023-01-15 15:30:00.000000', 3, 'Recommender accepted 7', 10, 3, 7),
	(20, '2023-01-12 01:30:00.000000', '2023-01-11 19:30:00.000000', '', 'Raffles Medical Group in Lot1 looking for locum urgently!', '2023-01-12 01:30:00.000000', NULL, '', 100, '2023-01-11 19:30:00.000000', 3, 'Recommender accepted 8', 7, 3, 7),
	(21, '2023-01-19 06:30:00.000000', '2023-01-18 23:30:00.000000', '', 'Raffles Medical Group in Lot1 looking for locum urgently!', '2023-01-19 06:30:00.000000', NULL, '', 100, '2023-01-18 23:30:00.000000', 3, 'Recommender accepted 9', 7, 3, 7),
	(22, '2023-01-30 14:30:00.000000', '2023-01-30 10:30:00.000000', '', 'Raffles Medical Group in Lot1 looking for locum urgently!', '2023-01-30 14:30:00.000000', NULL, '', 100, '2023-01-30 10:30:00.000000', 3, 'Recommender accepted 10', 7, 3, 7),
	(23, NULL, NULL, '', 'Looking for locum occupational therapist', '2023-02-13 20:30:00.000000', NULL, '', 88.8, '2023-02-13 10:30:00.000000', 0, 'Recommender open 11', 7, 3, NULL),
	(24, NULL, NULL, '', 'Looking for locum occupational therapist', '2023-02-20 22:30:00.000000', NULL, '', 88.8, '2023-02-20 12:30:00.000000', 0, 'Recommender open 12', 7, 3, NULL),
	(25, NULL, NULL, '', 'Looking for locum occupational therapist', '2023-02-12 14:30:00.000000', NULL, '', 88.8, '2023-02-12 10:30:00.000000', 0, 'Recommender open 13', 10, 3, NULL),
	(26, NULL, NULL, '', 'Looking for locum occupational therapist', '2023-02-19 18:30:00.000000', NULL, '', 88.8, '2023-02-19 14:30:00.000000', 0, 'Recommender open 14', 10, 3, NULL),
	(27, NULL, NULL, '', 'Looking for locum occupational therapist', '2023-02-15 18:30:00.000000', NULL, '', 88.8, '2023-02-15 10:30:00.000000', 0, 'Recommender open 15', 7, 3, NULL),
	(28, NULL, NULL, '', 'Looking for locum occupational therapist', '2023-02-23 07:30:00.000000', NULL, '', 88.8, '2023-02-22 23:30:00.000000', 0, 'Recommender open 16', 7, 3, NULL),
	(29, NULL, NULL, '', 'Looking for locum occupational therapist', '2023-02-20 16:30:00.000000', NULL, '', 88.8, '2023-02-20 12:30:00.000000', 0, 'Recommender open 17', 7, 3, NULL),
	(30, NULL, NULL, '', 'Looking for locum occupational therapist', '2023-02-21 08:30:00.000000', NULL, '', 88.8, '2023-02-20 21:30:00.000000', 0, 'Recommender open 18', 8, 3, NULL),
	(31, NULL, NULL, '', 'Looking for locum occupational therapist', '2023-02-19 21:30:00.000000', NULL, '', 88.8, '2023-02-19 10:30:00.000000', 0, 'Recommender open 19', 6, 3, NULL),
	(32, NULL, NULL, '', 'Looking for locum occupational therapist', '2022-12-30 19:30:00.000000', NULL, '', 88.8, '2022-12-30 15:30:00.000000', 0, 'Dummy for dateTime clash', 6, 3, NULL);

CREATE TABLE IF NOT EXISTS `notification` (
  `id` bigint NOT NULL AUTO_INCREMENT,
  `body` varchar(255) DEFAULT NULL,
  `notification_read` bit(1) NOT NULL,
  `job_id` bigint DEFAULT NULL,
  `title` varchar(255) DEFAULT NULL,
  `user_id` bigint DEFAULT NULL,
  PRIMARY KEY (`id`)
) ENGINE=InnoDB DEFAULT CHARSET=utf8mb4 COLLATE=utf8mb4_0900_ai_ci;


CREATE TABLE IF NOT EXISTS `organization` (
  `id` bigint NOT NULL AUTO_INCREMENT,
  `hci` varchar(255) DEFAULT NULL,
  `uen` varchar(255) DEFAULT NULL,
  `active` bit(1) DEFAULT NULL,
  `address` varchar(255) DEFAULT NULL,
  `contact` varchar(255) DEFAULT NULL,
  `contact_person_name` varchar(255) DEFAULT NULL,
  `date_registered` datetime(6) DEFAULT NULL,
  `name` varchar(255) DEFAULT NULL,
  PRIMARY KEY (`id`)
) ENGINE=InnoDB AUTO_INCREMENT=4 DEFAULT CHARSET=utf8mb4 COLLATE=utf8mb4_0900_ai_ci;

REPLACE INTO `organization` (`id`, `hci`, `uen`, `active`, `address`, `contact`, `contact_person_name`, `date_registered`, `name`) VALUES
	(1, NULL, '198901967K', b'1', NULL, NULL, NULL, '2023-01-01 18:30:00.000000', 'Raffles Medical Group Ltd'),
	(2, NULL, '222901967A', b'1', NULL, NULL, NULL, '2023-02-02 18:30:00.000000', 'SC Organization'),
	(3, NULL, '333901967B', b'1', NULL, NULL, NULL, '2023-02-03 18:30:00.000000', 'PG Organization');

CREATE TABLE IF NOT EXISTS `recommended_job` (
  `id` bigint NOT NULL AUTO_INCREMENT,
  `open_job_id` bigint DEFAULT NULL,
  `similarity_score` double DEFAULT NULL,
  `user_id` bigint DEFAULT NULL,
  PRIMARY KEY (`id`)
) ENGINE=InnoDB DEFAULT CHARSET=utf8mb4 COLLATE=utf8mb4_0900_ai_ci;


CREATE TABLE IF NOT EXISTS `reset_password_checker` (
  `id` varchar(255) NOT NULL,
  `userid` bigint DEFAULT NULL,
  `valid` bit(1) DEFAULT NULL,
  PRIMARY KEY (`id`)
) ENGINE=InnoDB DEFAULT CHARSET=utf8mb4 COLLATE=utf8mb4_0900_ai_ci;


CREATE TABLE IF NOT EXISTS `role` (
  `id` bigint NOT NULL AUTO_INCREMENT,
  `name` varchar(255) DEFAULT NULL,
  PRIMARY KEY (`id`)
) ENGINE=InnoDB AUTO_INCREMENT=6 DEFAULT CHARSET=utf8mb4 COLLATE=utf8mb4_0900_ai_ci;

REPLACE INTO `role` (`id`, `name`) VALUES
	(1, 'Locum_Doctor'),
	(2, 'Clinic_User'),
	(3, 'Clinic_Main_Admin'),
	(4, 'Clinic_Admin'),
	(5, 'System_Admin');

CREATE TABLE IF NOT EXISTS `user` (
  `id` bigint NOT NULL AUTO_INCREMENT,
  `active` bit(1) DEFAULT NULL,
  `contact` varchar(255) DEFAULT NULL,
  `date_registered` datetime(6) DEFAULT NULL,
  `email` varchar(255) DEFAULT NULL,
  `medical_license_no` varchar(255) DEFAULT NULL,
  `name` varchar(255) DEFAULT NULL,
  `username` varchar(255) DEFAULT NULL,
  `firebase_device_token_id` int DEFAULT NULL,
  `organization_id` bigint DEFAULT NULL,
  `role_id` bigint DEFAULT NULL,
  PRIMARY KEY (`id`),
  KEY `FKnyr4vswdog4254mvx6ay90vv4` (`firebase_device_token_id`),
  KEY `FKi3ynrf4qjomj2hdjx7ssa3mlh` (`organization_id`),
  KEY `FKn82ha3ccdebhokx3a8fgdqeyy` (`role_id`),
  CONSTRAINT `FKi3ynrf4qjomj2hdjx7ssa3mlh` FOREIGN KEY (`organization_id`) REFERENCES `organization` (`id`),
  CONSTRAINT `FKn82ha3ccdebhokx3a8fgdqeyy` FOREIGN KEY (`role_id`) REFERENCES `role` (`id`),
  CONSTRAINT `FKnyr4vswdog4254mvx6ay90vv4` FOREIGN KEY (`firebase_device_token_id`) REFERENCES `firebase_device_token` (`id`)
) ENGINE=InnoDB AUTO_INCREMENT=464 DEFAULT CHARSET=utf8mb4 COLLATE=utf8mb4_0900_ai_ci;

REPLACE INTO `user` (`id`, `active`, `contact`, `date_registered`, `email`, `medical_license_no`, `name`, `username`, `firebase_device_token_id`, `organization_id`, `role_id`) VALUES
	(1, b'1', '97117782', '2021-01-02 10:00:00.000000', 'RobertLin@gmail.com', 'M31234H', 'Robert Lin', 'dr_robert', 1, NULL, 1),
	(2, b'1', '92231880', '2021-01-02 10:00:00.000000', 'MaryTan@gmail.com', 'M11266G', 'Mary Tan', 'dr_mary', 2, NULL, 1),
	(3, b'1', '91119111', '2021-01-02 10:00:00.000000', 'JonNg@rmg.com.sg', NULL, 'Jon Ng', 'jon', NULL, 1, 3),
	(4, b'1', '93339333', '2021-01-02 10:00:00.000000', 'shanfu87@yahoo.com', NULL, 'Ben', 'ben', NULL, 1, 2),
	(5, b'1', '92229222', '2021-01-02 10:00:00.000000', 'ann@locumapp.com.sg', NULL, 'Ann', 'ann', NULL, NULL, 5),
	(6, b'1', '98889888', '2021-01-02 10:00:00.000000', 'ron@rmg.com.sg', NULL, 'Ron', 'ron', NULL, 1, 4),
	(7, b'1', '81381332', '2023-02-14 21:05:14.379115', 'Luffy@gmail.com', 'M31223H', 'Luffy', 'luffy', 3, NULL, 1),
	(8, b'1', '98889888', '2023-02-02 10:00:00.000000', 'cUser8@clinic.com', NULL, 'clinicUser8', 'cUser8', NULL, 1, 2),
	(9, b'1', '98889888', '2023-02-02 10:00:00.000000', 'cUser9@clinic.com', NULL, 'clinicUser9', 'cUser9', NULL, 1, 2),
	(10, b'1', '98889888', '2023-02-02 10:00:00.000000', 'cUser10@clinic.com', NULL, 'clinicUser10', 'cUser10', NULL, 1, 2),
	(11, b'1', '98889888', '2023-02-02 10:00:00.000000', 'cUser11@clinic.com', NULL, 'clinicUser11', 'cUser11', NULL, 1, 2),
	(12, b'1', '98889888', '2023-02-02 10:00:00.000000', 'cUser12@clinic.com', NULL, 'clinicUser12', 'cUser12', NULL, 1, 2),
	(13, b'1', '98889888', '2023-02-02 10:00:00.000000', 'cUser13@clinic.com', NULL, 'clinicUser13', 'cUser13', NULL, 1, 2),
	(14, b'1', '98889888', '2023-02-02 10:00:00.000000', 'cUser14@clinic.com', NULL, 'clinicUser14', 'cUser14', NULL, 1, 2),
	(15, b'1', '98889888', '2023-02-02 10:00:00.000000', 'cUser15@clinic.com', NULL, 'clinicUser15', 'cUser15', NULL, 1, 2),
	(16, b'1', '98889888', '2023-02-02 10:00:00.000000', 'cUser16@clinic.com', NULL, 'clinicUser16', 'cUser16', NULL, 1, 2),
	(17, b'1', '98889888', '2023-02-02 10:00:00.000000', 'cUser17@clinic.com', NULL, 'clinicUser17', 'cUser17', NULL, 1, 2),
	(18, b'1', '98889888', '2023-02-02 10:00:00.000000', 'cUser18@clinic.com', NULL, 'clinicUser18', 'cUser18', NULL, 1, 2),
	(19, b'1', '98889888', '2023-02-02 10:00:00.000000', 'cUser19@clinic.com', NULL, 'clinicUser19', 'cUser19', NULL, 1, 2),
	(20, b'1', '98889888', '2023-02-02 10:00:00.000000', 'cUser20@clinic.com', NULL, 'clinicUser20', 'cUser20', NULL, 1, 2),
	(21, b'1', '98889888', '2023-02-02 10:00:00.000000', 'cUser21@clinic.com', NULL, 'clinicUser21', 'cUser21', NULL, 1, 2),
	(22, b'1', '98889888', '2023-02-02 10:00:00.000000', 'cUser22@clinic.com', NULL, 'clinicUser22', 'cUser22', NULL, 1, 2),
	(23, b'1', '98889888', '2023-02-02 10:00:00.000000', 'cUser23@clinic.com', NULL, 'clinicUser23', 'cUser23', NULL, 1, 2),
	(24, b'1', '98889888', '2023-02-02 10:00:00.000000', 'cUser24@clinic.com', NULL, 'clinicUser24', 'cUser24', NULL, 1, 2),
	(25, b'1', '98889888', '2023-02-02 10:00:00.000000', 'cUser25@clinic.com', NULL, 'clinicUser25', 'cUser25', NULL, 1, 2),
	(26, b'1', '98889888', '2023-02-02 10:00:00.000000', 'cUser26@clinic.com', NULL, 'clinicUser26', 'cUser26', NULL, 1, 2),
	(27, b'1', '98889888', '2023-02-02 10:00:00.000000', 'cUser27@clinic.com', NULL, 'clinicUser27', 'cUser27', NULL, 1, 2),
	(28, b'1', '98889888', '2023-02-02 10:00:00.000000', 'cUser28@clinic.com', NULL, 'clinicUser28', 'cUser28', NULL, 1, 2),
	(29, b'1', '98889888', '2023-02-02 10:00:00.000000', 'cUser29@clinic.com', NULL, 'clinicUser29', 'cUser29', NULL, 1, 2),
	(30, b'1', '98889888', '2023-02-02 10:00:00.000000', 'cUser30@clinic.com', NULL, 'clinicUser30', 'cUser30', NULL, 1, 2),
	(31, b'1', '98889888', '2023-02-02 10:00:00.000000', 'cUser31@clinic.com', NULL, 'clinicUser31', 'cUser31', NULL, 1, 2),
	(32, b'1', '98889888', '2023-02-02 10:00:00.000000', 'cUser32@clinic.com', NULL, 'clinicUser32', 'cUser32', NULL, 1, 2),
	(33, b'1', '98889888', '2023-02-02 10:00:00.000000', 'cUser33@clinic.com', NULL, 'clinicUser33', 'cUser33', NULL, 1, 2),
	(34, b'1', '98889888', '2023-02-02 10:00:00.000000', 'cUser34@clinic.com', NULL, 'clinicUser34', 'cUser34', NULL, 1, 2),
	(35, b'1', '98889888', '2023-02-02 10:00:00.000000', 'loc35@doc.com', NULL, 'locum35', 'loc35', NULL, NULL, 1),
	(36, b'1', '98889888', '2023-02-02 10:00:00.000000', 'loc36@doc.com', NULL, 'locum36', 'loc36', NULL, NULL, 1),
	(37, b'1', '98889888', '2023-02-02 10:00:00.000000', 'loc37@doc.com', NULL, 'locum37', 'loc37', NULL, NULL, 1),
	(38, b'1', '98889888', '2023-02-02 10:00:00.000000', 'loc38@doc.com', NULL, 'locum38', 'loc38', NULL, NULL, 1),
	(39, b'1', '98889888', '2023-02-02 10:00:00.000000', 'loc39@doc.com', NULL, 'locum39', 'loc39', NULL, NULL, 1),
	(40, b'1', '98889888', '2023-02-02 10:00:00.000000', 'loc40@doc.com', NULL, 'locum40', 'loc40', NULL, NULL, 1),
	(41, b'1', '98889888', '2023-02-02 10:00:00.000000', 'loc41@doc.com', NULL, 'locum41', 'loc41', NULL, NULL, 1),
	(42, b'1', '98889888', '2023-02-02 10:00:00.000000', 'loc42@doc.com', NULL, 'locum42', 'loc42', NULL, NULL, 1),
	(43, b'1', '98889888', '2023-02-02 10:00:00.000000', 'loc43@doc.com', NULL, 'locum43', 'loc43', NULL, NULL, 1),
	(44, b'1', '98889888', '2023-02-02 10:00:00.000000', 'loc44@doc.com', NULL, 'locum44', 'loc44', NULL, NULL, 1),
	(45, b'1', '98889888', '2023-02-02 10:00:00.000000', 'loc45@doc.com', NULL, 'locum45', 'loc45', NULL, NULL, 1),
	(46, b'1', '98889888', '2023-02-02 10:00:00.000000', 'loc46@doc.com', NULL, 'locum46', 'loc46', NULL, NULL, 1),
	(47, b'1', '98889888', '2023-02-02 10:00:00.000000', 'loc47@doc.com', NULL, 'locum47', 'loc47', NULL, NULL, 1),
	(48, b'1', '98889888', '2023-02-02 10:00:00.000000', 'loc48@doc.com', NULL, 'locum48', 'loc48', NULL, NULL, 1),
	(49, b'1', '98889888', '2023-02-02 10:00:00.000000', 'loc49@doc.com', NULL, 'locum49', 'loc49', NULL, NULL, 1),
	(50, b'1', '98889888', '2023-02-02 10:00:00.000000', 'loc50@doc.com', NULL, 'locum50', 'loc50', NULL, NULL, 1),
	(51, b'1', '98889888', '2023-02-02 10:00:00.000000', 'loc51@doc.com', NULL, 'locum51', 'loc51', NULL, NULL, 1),
	(52, b'1', '98889888', '2023-02-02 10:00:00.000000', 'loc52@doc.com', NULL, 'locum52', 'loc52', NULL, NULL, 1),
	(53, b'1', '98889888', '2023-02-02 10:00:00.000000', 'loc53@doc.com', NULL, 'locum53', 'loc53', NULL, NULL, 1),
	(54, b'1', '98889888', '2023-02-02 10:00:00.000000', 'loc54@doc.com', NULL, 'locum54', 'loc54', NULL, NULL, 1),
	(55, b'1', '98889888', '2023-02-02 10:00:00.000000', 'loc55@doc.com', NULL, 'locum55', 'loc55', NULL, NULL, 1),
	(56, b'1', '98889888', '2023-02-02 10:00:00.000000', 'loc56@doc.com', NULL, 'locum56', 'loc56', NULL, NULL, 1),
	(57, b'1', '98889888', '2023-02-02 10:00:00.000000', 'loc57@doc.com', NULL, 'locum57', 'loc57', NULL, NULL, 1),
	(58, b'1', '98889888', '2023-02-02 10:00:00.000000', 'loc58@doc.com', NULL, 'locum58', 'loc58', NULL, NULL, 1),
	(59, b'1', '98889888', '2023-02-02 10:00:00.000000', 'loc59@doc.com', NULL, 'locum59', 'loc59', NULL, NULL, 1),
	(60, b'1', '98889888', '2023-02-02 10:00:00.000000', 'loc60@doc.com', NULL, 'locum60', 'loc60', NULL, NULL, 1),
	(61, b'1', '98889888', '2023-02-02 10:00:00.000000', 'loc61@doc.com', NULL, 'locum61', 'loc61', NULL, NULL, 1),
	(62, b'1', '98889888', '2023-02-02 10:00:00.000000', 'loc62@doc.com', NULL, 'locum62', 'loc62', NULL, NULL, 1),
	(63, b'1', '98889888', '2023-02-02 10:00:00.000000', 'loc63@doc.com', NULL, 'locum63', 'loc63', NULL, NULL, 1),
	(64, b'1', '98889888', '2023-02-02 10:00:00.000000', 'loc64@doc.com', NULL, 'locum64', 'loc64', NULL, NULL, 1),
	(65, b'1', '98889888', '2023-01-02 10:00:00.000000', 'cUser65@clinic.com', NULL, 'clinicUser65', 'cUser65', NULL, 1, 2),
	(66, b'1', '98889888', '2023-01-02 10:00:00.000000', 'cUser66@clinic.com', NULL, 'clinicUser66', 'cUser66', NULL, 1, 2),
	(67, b'1', '98889888', '2023-01-02 10:00:00.000000', 'cUser67@clinic.com', NULL, 'clinicUser67', 'cUser67', NULL, 1, 2),
	(68, b'1', '98889888', '2023-01-02 10:00:00.000000', 'cUser68@clinic.com', NULL, 'clinicUser68', 'cUser68', NULL, 1, 2),
	(69, b'1', '98889888', '2023-01-02 10:00:00.000000', 'cUser69@clinic.com', NULL, 'clinicUser69', 'cUser69', NULL, 1, 2),
	(70, b'1', '98889888', '2023-01-02 10:00:00.000000', 'cUser70@clinic.com', NULL, 'clinicUser70', 'cUser70', NULL, 1, 2),
	(71, b'1', '98889888', '2023-01-02 10:00:00.000000', 'cUser71@clinic.com', NULL, 'clinicUser71', 'cUser71', NULL, 1, 2),
	(72, b'1', '98889888', '2023-01-02 10:00:00.000000', 'cUser72@clinic.com', NULL, 'clinicUser72', 'cUser72', NULL, 1, 2),
	(73, b'1', '98889888', '2023-01-02 10:00:00.000000', 'cUser73@clinic.com', NULL, 'clinicUser73', 'cUser73', NULL, 1, 2),
	(74, b'1', '98889888', '2023-01-02 10:00:00.000000', 'cUser74@clinic.com', NULL, 'clinicUser74', 'cUser74', NULL, 1, 2),
	(75, b'1', '98889888', '2023-01-02 10:00:00.000000', 'cUser75@clinic.com', NULL, 'clinicUser75', 'cUser75', NULL, 1, 2),
	(76, b'1', '98889888', '2023-01-02 10:00:00.000000', 'cUser76@clinic.com', NULL, 'clinicUser76', 'cUser76', NULL, 1, 2),
	(77, b'1', '98889888', '2023-01-02 10:00:00.000000', 'cUser77@clinic.com', NULL, 'clinicUser77', 'cUser77', NULL, 1, 2),
	(78, b'1', '98889888', '2023-01-02 10:00:00.000000', 'cUser78@clinic.com', NULL, 'clinicUser78', 'cUser78', NULL, 1, 2),
	(79, b'1', '98889888', '2023-01-02 10:00:00.000000', 'cUser79@clinic.com', NULL, 'clinicUser79', 'cUser79', NULL, 1, 2),
	(80, b'1', '98889888', '2023-01-02 10:00:00.000000', 'cUser80@clinic.com', NULL, 'clinicUser80', 'cUser80', NULL, 1, 2),
	(81, b'1', '98889888', '2023-01-02 10:00:00.000000', 'cUser81@clinic.com', NULL, 'clinicUser81', 'cUser81', NULL, 1, 2),
	(82, b'1', '98889888', '2023-01-02 10:00:00.000000', 'cUser82@clinic.com', NULL, 'clinicUser82', 'cUser82', NULL, 1, 2),
	(83, b'1', '98889888', '2023-01-02 10:00:00.000000', 'cUser83@clinic.com', NULL, 'clinicUser83', 'cUser83', NULL, 1, 2),
	(84, b'1', '98889888', '2023-01-02 10:00:00.000000', 'cUser84@clinic.com', NULL, 'clinicUser84', 'cUser84', NULL, 1, 2),
	(85, b'1', '98889888', '2023-01-02 10:00:00.000000', 'cUser85@clinic.com', NULL, 'clinicUser85', 'cUser85', NULL, 1, 2),
	(86, b'1', '98889888', '2023-01-02 10:00:00.000000', 'cUser86@clinic.com', NULL, 'clinicUser86', 'cUser86', NULL, 1, 2),
	(87, b'1', '98889888', '2023-01-02 10:00:00.000000', 'loc87@doc.com', NULL, 'locum87', 'loc87', NULL, NULL, 1),
	(88, b'1', '98889888', '2023-01-02 10:00:00.000000', 'loc88@doc.com', NULL, 'locum88', 'loc88', NULL, NULL, 1),
	(89, b'1', '98889888', '2023-01-02 10:00:00.000000', 'loc89@doc.com', NULL, 'locum89', 'loc89', NULL, NULL, 1),
	(90, b'1', '98889888', '2023-01-02 10:00:00.000000', 'loc90@doc.com', NULL, 'locum90', 'loc90', NULL, NULL, 1),
	(91, b'1', '98889888', '2023-01-02 10:00:00.000000', 'loc91@doc.com', NULL, 'locum91', 'loc91', NULL, NULL, 1),
	(92, b'1', '98889888', '2023-01-02 10:00:00.000000', 'loc92@doc.com', NULL, 'locum92', 'loc92', NULL, NULL, 1),
	(93, b'1', '98889888', '2023-01-02 10:00:00.000000', 'loc93@doc.com', NULL, 'locum93', 'loc93', NULL, NULL, 1),
	(94, b'1', '98889888', '2023-01-02 10:00:00.000000', 'loc94@doc.com', NULL, 'locum94', 'loc94', NULL, NULL, 1),
	(95, b'1', '98889888', '2023-01-02 10:00:00.000000', 'loc95@doc.com', NULL, 'locum95', 'loc95', NULL, NULL, 1),
	(96, b'1', '98889888', '2023-01-02 10:00:00.000000', 'loc96@doc.com', NULL, 'locum96', 'loc96', NULL, NULL, 1),
	(97, b'1', '98889888', '2023-01-02 10:00:00.000000', 'loc97@doc.com', NULL, 'locum97', 'loc97', NULL, NULL, 1),
	(98, b'1', '98889888', '2023-01-02 10:00:00.000000', 'loc98@doc.com', NULL, 'locum98', 'loc98', NULL, NULL, 1),
	(99, b'1', '98889888', '2023-01-02 10:00:00.000000', 'loc99@doc.com', NULL, 'locum99', 'loc99', NULL, NULL, 1),
	(100, b'1', '98889888', '2023-01-02 10:00:00.000000', 'loc100@doc.com', NULL, 'locum100', 'loc100', NULL, NULL, 1),
	(101, b'1', '98889888', '2023-01-02 10:00:00.000000', 'loc101@doc.com', NULL, 'locum101', 'loc101', NULL, NULL, 1),
	(102, b'1', '98889888', '2023-01-02 10:00:00.000000', 'loc102@doc.com', NULL, 'locum102', 'loc102', NULL, NULL, 1),
	(103, b'1', '98889888', '2023-01-02 10:00:00.000000', 'loc103@doc.com', NULL, 'locum103', 'loc103', NULL, NULL, 1),
	(104, b'1', '98889888', '2023-01-02 10:00:00.000000', 'loc104@doc.com', NULL, 'locum104', 'loc104', NULL, NULL, 1),
	(105, b'1', '98889888', '2023-01-02 10:00:00.000000', 'loc105@doc.com', NULL, 'locum105', 'loc105', NULL, NULL, 1),
	(106, b'1', '98889888', '2023-01-02 10:00:00.000000', 'loc106@doc.com', NULL, 'locum106', 'loc106', NULL, NULL, 1),
	(107, b'1', '98889888', '2023-01-02 10:00:00.000000', 'loc107@doc.com', NULL, 'locum107', 'loc107', NULL, NULL, 1),
	(108, b'1', '98889888', '2023-01-02 10:00:00.000000', 'loc108@doc.com', NULL, 'locum108', 'loc108', NULL, NULL, 1),
	(109, b'1', '98889888', '2023-01-02 10:00:00.000000', 'loc109@doc.com', NULL, 'locum109', 'loc109', NULL, NULL, 1),
	(110, b'1', '98889888', '2023-01-02 10:00:00.000000', 'loc110@doc.com', NULL, 'locum110', 'loc110', NULL, NULL, 1),
	(111, b'1', '98889888', '2023-01-02 10:00:00.000000', 'loc111@doc.com', NULL, 'locum111', 'loc111', NULL, NULL, 1),
	(112, b'1', '98889888', '2023-01-02 10:00:00.000000', 'loc112@doc.com', NULL, 'locum112', 'loc112', NULL, NULL, 1),
	(113, b'1', '98889888', '2023-01-02 10:00:00.000000', 'loc113@doc.com', NULL, 'locum113', 'loc113', NULL, NULL, 1),
	(114, b'1', '98889888', '2023-01-02 10:00:00.000000', 'loc114@doc.com', NULL, 'locum114', 'loc114', NULL, NULL, 1),
	(115, b'1', '98889888', '2023-01-02 10:00:00.000000', 'loc115@doc.com', NULL, 'locum115', 'loc115', NULL, NULL, 1),
	(116, b'1', '98889888', '2023-01-02 10:00:00.000000', 'loc116@doc.com', NULL, 'locum116', 'loc116', NULL, NULL, 1),
	(117, b'1', '98889888', '2023-01-02 10:00:00.000000', 'loc117@doc.com', NULL, 'locum117', 'loc117', NULL, NULL, 1),
	(118, b'1', '98889888', '2023-01-02 10:00:00.000000', 'loc118@doc.com', NULL, 'locum118', 'loc118', NULL, NULL, 1),
	(119, b'1', '98889888', '2023-01-02 10:00:00.000000', 'loc119@doc.com', NULL, 'locum119', 'loc119', NULL, NULL, 1),
	(120, b'1', '98889888', '2023-01-02 10:00:00.000000', 'loc120@doc.com', NULL, 'locum120', 'loc120', NULL, NULL, 1),
	(121, b'1', '98889888', '2023-01-02 10:00:00.000000', 'loc121@doc.com', NULL, 'locum121', 'loc121', NULL, NULL, 1),
	(122, b'1', '98889888', '2023-01-02 10:00:00.000000', 'loc122@doc.com', NULL, 'locum122', 'loc122', NULL, NULL, 1),
	(123, b'1', '98889888', '2023-01-02 10:00:00.000000', 'loc123@doc.com', NULL, 'locum123', 'loc123', NULL, NULL, 1),
	(124, b'1', '98889888', '2023-01-02 10:00:00.000000', 'loc124@doc.com', NULL, 'locum124', 'loc124', NULL, NULL, 1),
	(125, b'1', '98889888', '2023-01-02 10:00:00.000000', 'loc125@doc.com', NULL, 'locum125', 'loc125', NULL, NULL, 1),
	(126, b'1', '98889888', '2023-01-02 10:00:00.000000', 'loc126@doc.com', NULL, 'locum126', 'loc126', NULL, NULL, 1),
	(127, b'1', '98889888', '2022-12-02 10:00:00.000000', 'cUser127@clinic.com', NULL, 'clinicUser127', 'cUser127', NULL, 1, 2),
	(128, b'1', '98889888', '2022-12-02 10:00:00.000000', 'cUser128@clinic.com', NULL, 'clinicUser128', 'cUser128', NULL, 1, 2),
	(129, b'1', '98889888', '2022-12-02 10:00:00.000000', 'cUser129@clinic.com', NULL, 'clinicUser129', 'cUser129', NULL, 1, 2),
	(130, b'1', '98889888', '2022-12-02 10:00:00.000000', 'cUser130@clinic.com', NULL, 'clinicUser130', 'cUser130', NULL, 1, 2),
	(131, b'1', '98889888', '2022-12-02 10:00:00.000000', 'cUser131@clinic.com', NULL, 'clinicUser131', 'cUser131', NULL, 1, 2),
	(132, b'1', '98889888', '2022-12-02 10:00:00.000000', 'cUser132@clinic.com', NULL, 'clinicUser132', 'cUser132', NULL, 1, 2),
	(133, b'1', '98889888', '2022-12-02 10:00:00.000000', 'cUser133@clinic.com', NULL, 'clinicUser133', 'cUser133', NULL, 1, 2),
	(134, b'1', '98889888', '2022-12-02 10:00:00.000000', 'cUser134@clinic.com', NULL, 'clinicUser134', 'cUser134', NULL, 1, 2),
	(135, b'1', '98889888', '2022-12-02 10:00:00.000000', 'cUser135@clinic.com', NULL, 'clinicUser135', 'cUser135', NULL, 1, 2),
	(136, b'1', '98889888', '2022-12-02 10:00:00.000000', 'cUser136@clinic.com', NULL, 'clinicUser136', 'cUser136', NULL, 1, 2),
	(137, b'1', '98889888', '2022-12-02 10:00:00.000000', 'cUser137@clinic.com', NULL, 'clinicUser137', 'cUser137', NULL, 1, 2),
	(138, b'1', '98889888', '2022-12-02 10:00:00.000000', 'cUser138@clinic.com', NULL, 'clinicUser138', 'cUser138', NULL, 1, 2),
	(139, b'1', '98889888', '2022-12-02 10:00:00.000000', 'cUser139@clinic.com', NULL, 'clinicUser139', 'cUser139', NULL, 1, 2),
	(140, b'1', '98889888', '2022-12-02 10:00:00.000000', 'cUser140@clinic.com', NULL, 'clinicUser140', 'cUser140', NULL, 1, 2),
	(141, b'1', '98889888', '2022-12-02 10:00:00.000000', 'cUser141@clinic.com', NULL, 'clinicUser141', 'cUser141', NULL, 1, 2),
	(142, b'1', '98889888', '2022-12-02 10:00:00.000000', 'cUser142@clinic.com', NULL, 'clinicUser142', 'cUser142', NULL, 1, 2),
	(143, b'1', '98889888', '2022-12-02 10:00:00.000000', 'cUser143@clinic.com', NULL, 'clinicUser143', 'cUser143', NULL, 1, 2),
	(144, b'1', '98889888', '2022-12-02 10:00:00.000000', 'cUser144@clinic.com', NULL, 'clinicUser144', 'cUser144', NULL, 1, 2),
	(145, b'1', '98889888', '2022-12-02 10:00:00.000000', 'loc145@doc.com', NULL, 'locum145', 'loc145', NULL, NULL, 1),
	(146, b'1', '98889888', '2022-12-02 10:00:00.000000', 'loc146@doc.com', NULL, 'locum146', 'loc146', NULL, NULL, 1),
	(147, b'1', '98889888', '2022-12-02 10:00:00.000000', 'loc147@doc.com', NULL, 'locum147', 'loc147', NULL, NULL, 1),
	(148, b'1', '98889888', '2022-12-02 10:00:00.000000', 'loc148@doc.com', NULL, 'locum148', 'loc148', NULL, NULL, 1),
	(149, b'1', '98889888', '2022-12-02 10:00:00.000000', 'loc149@doc.com', NULL, 'locum149', 'loc149', NULL, NULL, 1),
	(150, b'1', '98889888', '2022-12-02 10:00:00.000000', 'loc150@doc.com', NULL, 'locum150', 'loc150', NULL, NULL, 1),
	(151, b'1', '98889888', '2022-12-02 10:00:00.000000', 'loc151@doc.com', NULL, 'locum151', 'loc151', NULL, NULL, 1),
	(152, b'1', '98889888', '2022-12-02 10:00:00.000000', 'loc152@doc.com', NULL, 'locum152', 'loc152', NULL, NULL, 1),
	(153, b'1', '98889888', '2022-12-02 10:00:00.000000', 'loc153@doc.com', NULL, 'locum153', 'loc153', NULL, NULL, 1),
	(154, b'1', '98889888', '2022-12-02 10:00:00.000000', 'loc154@doc.com', NULL, 'locum154', 'loc154', NULL, NULL, 1),
	(155, b'1', '98889888', '2022-12-02 10:00:00.000000', 'loc155@doc.com', NULL, 'locum155', 'loc155', NULL, NULL, 1),
	(156, b'1', '98889888', '2022-12-02 10:00:00.000000', 'loc156@doc.com', NULL, 'locum156', 'loc156', NULL, NULL, 1),
	(157, b'1', '98889888', '2022-12-02 10:00:00.000000', 'loc157@doc.com', NULL, 'locum157', 'loc157', NULL, NULL, 1),
	(158, b'1', '98889888', '2022-12-02 10:00:00.000000', 'loc158@doc.com', NULL, 'locum158', 'loc158', NULL, NULL, 1),
	(159, b'1', '98889888', '2022-12-02 10:00:00.000000', 'loc159@doc.com', NULL, 'locum159', 'loc159', NULL, NULL, 1),
	(160, b'1', '98889888', '2022-12-02 10:00:00.000000', 'loc160@doc.com', NULL, 'locum160', 'loc160', NULL, NULL, 1),
	(161, b'1', '98889888', '2022-12-02 10:00:00.000000', 'loc161@doc.com', NULL, 'locum161', 'loc161', NULL, NULL, 1),
	(162, b'1', '98889888', '2022-12-02 10:00:00.000000', 'loc162@doc.com', NULL, 'locum162', 'loc162', NULL, NULL, 1),
	(163, b'1', '98889888', '2022-12-02 10:00:00.000000', 'loc163@doc.com', NULL, 'locum163', 'loc163', NULL, NULL, 1),
	(164, b'1', '98889888', '2022-12-02 10:00:00.000000', 'loc164@doc.com', NULL, 'locum164', 'loc164', NULL, NULL, 1),
	(165, b'1', '98889888', '2022-12-02 10:00:00.000000', 'loc165@doc.com', NULL, 'locum165', 'loc165', NULL, NULL, 1),
	(166, b'1', '98889888', '2022-12-02 10:00:00.000000', 'loc166@doc.com', NULL, 'locum166', 'loc166', NULL, NULL, 1),
	(167, b'1', '98889888', '2022-12-02 10:00:00.000000', 'loc167@doc.com', NULL, 'locum167', 'loc167', NULL, NULL, 1),
	(168, b'1', '98889888', '2022-12-02 10:00:00.000000', 'loc168@doc.com', NULL, 'locum168', 'loc168', NULL, NULL, 1),
	(169, b'1', '98889888', '2022-12-02 10:00:00.000000', 'loc169@doc.com', NULL, 'locum169', 'loc169', NULL, NULL, 1),
	(170, b'1', '98889888', '2022-11-02 10:00:00.000000', 'cUser170@clinic.com', NULL, 'clinicUser170', 'cUser170', NULL, 1, 2),
	(171, b'1', '98889888', '2022-11-02 10:00:00.000000', 'cUser171@clinic.com', NULL, 'clinicUser171', 'cUser171', NULL, 1, 2),
	(172, b'1', '98889888', '2022-11-02 10:00:00.000000', 'cUser172@clinic.com', NULL, 'clinicUser172', 'cUser172', NULL, 1, 2),
	(173, b'1', '98889888', '2022-11-02 10:00:00.000000', 'cUser173@clinic.com', NULL, 'clinicUser173', 'cUser173', NULL, 1, 2),
	(174, b'1', '98889888', '2022-11-02 10:00:00.000000', 'cUser174@clinic.com', NULL, 'clinicUser174', 'cUser174', NULL, 1, 2),
	(175, b'1', '98889888', '2022-11-02 10:00:00.000000', 'cUser175@clinic.com', NULL, 'clinicUser175', 'cUser175', NULL, 1, 2),
	(176, b'1', '98889888', '2022-11-02 10:00:00.000000', 'cUser176@clinic.com', NULL, 'clinicUser176', 'cUser176', NULL, 1, 2),
	(177, b'1', '98889888', '2022-11-02 10:00:00.000000', 'cUser177@clinic.com', NULL, 'clinicUser177', 'cUser177', NULL, 1, 2),
	(178, b'1', '98889888', '2022-11-02 10:00:00.000000', 'cUser178@clinic.com', NULL, 'clinicUser178', 'cUser178', NULL, 1, 2),
	(179, b'1', '98889888', '2022-11-02 10:00:00.000000', 'cUser179@clinic.com', NULL, 'clinicUser179', 'cUser179', NULL, 1, 2),
	(180, b'1', '98889888', '2022-11-02 10:00:00.000000', 'cUser180@clinic.com', NULL, 'clinicUser180', 'cUser180', NULL, 1, 2),
	(181, b'1', '98889888', '2022-11-02 10:00:00.000000', 'cUser181@clinic.com', NULL, 'clinicUser181', 'cUser181', NULL, 1, 2),
	(182, b'1', '98889888', '2022-11-02 10:00:00.000000', 'cUser182@clinic.com', NULL, 'clinicUser182', 'cUser182', NULL, 1, 2),
	(183, b'1', '98889888', '2022-11-02 10:00:00.000000', 'cUser183@clinic.com', NULL, 'clinicUser183', 'cUser183', NULL, 1, 2),
	(184, b'1', '98889888', '2022-11-02 10:00:00.000000', 'cUser184@clinic.com', NULL, 'clinicUser184', 'cUser184', NULL, 1, 2),
	(185, b'1', '98889888', '2022-11-02 10:00:00.000000', 'cUser185@clinic.com', NULL, 'clinicUser185', 'cUser185', NULL, 1, 2),
	(186, b'1', '98889888', '2022-11-02 10:00:00.000000', 'cUser186@clinic.com', NULL, 'clinicUser186', 'cUser186', NULL, 1, 2),
	(187, b'1', '98889888', '2022-11-02 10:00:00.000000', 'cUser187@clinic.com', NULL, 'clinicUser187', 'cUser187', NULL, 1, 2),
	(188, b'1', '98889888', '2022-11-02 10:00:00.000000', 'cUser188@clinic.com', NULL, 'clinicUser188', 'cUser188', NULL, 1, 2),
	(189, b'1', '98889888', '2022-11-02 10:00:00.000000', 'cUser189@clinic.com', NULL, 'clinicUser189', 'cUser189', NULL, 1, 2),
	(190, b'1', '98889888', '2022-11-02 10:00:00.000000', 'cUser190@clinic.com', NULL, 'clinicUser190', 'cUser190', NULL, 1, 2),
	(191, b'1', '98889888', '2022-11-02 10:00:00.000000', 'cUser191@clinic.com', NULL, 'clinicUser191', 'cUser191', NULL, 1, 2),
	(192, b'1', '98889888', '2022-11-02 10:00:00.000000', 'cUser192@clinic.com', NULL, 'clinicUser192', 'cUser192', NULL, 1, 2),
	(193, b'1', '98889888', '2022-11-02 10:00:00.000000', 'cUser193@clinic.com', NULL, 'clinicUser193', 'cUser193', NULL, 1, 2),
	(194, b'1', '98889888', '2022-11-02 10:00:00.000000', 'cUser194@clinic.com', NULL, 'clinicUser194', 'cUser194', NULL, 1, 2),
	(195, b'1', '98889888', '2022-11-02 10:00:00.000000', 'loc195@doc.com', NULL, 'locum195', 'loc195', NULL, NULL, 1),
	(196, b'1', '98889888', '2022-11-02 10:00:00.000000', 'loc196@doc.com', NULL, 'locum196', 'loc196', NULL, NULL, 1),
	(197, b'1', '98889888', '2022-11-02 10:00:00.000000', 'loc197@doc.com', NULL, 'locum197', 'loc197', NULL, NULL, 1),
	(198, b'1', '98889888', '2022-11-02 10:00:00.000000', 'loc198@doc.com', NULL, 'locum198', 'loc198', NULL, NULL, 1),
	(199, b'1', '98889888', '2022-11-02 10:00:00.000000', 'loc199@doc.com', NULL, 'locum199', 'loc199', NULL, NULL, 1),
	(200, b'1', '98889888', '2022-11-02 10:00:00.000000', 'loc200@doc.com', NULL, 'locum200', 'loc200', NULL, NULL, 1),
	(201, b'1', '98889888', '2022-11-02 10:00:00.000000', 'loc201@doc.com', NULL, 'locum201', 'loc201', NULL, NULL, 1),
	(202, b'1', '98889888', '2022-11-02 10:00:00.000000', 'loc202@doc.com', NULL, 'locum202', 'loc202', NULL, NULL, 1),
	(203, b'1', '98889888', '2022-11-02 10:00:00.000000', 'loc203@doc.com', NULL, 'locum203', 'loc203', NULL, NULL, 1),
	(204, b'1', '98889888', '2022-11-02 10:00:00.000000', 'loc204@doc.com', NULL, 'locum204', 'loc204', NULL, NULL, 1),
	(205, b'1', '98889888', '2022-11-02 10:00:00.000000', 'loc205@doc.com', NULL, 'locum205', 'loc205', NULL, NULL, 1),
	(206, b'1', '98889888', '2022-11-02 10:00:00.000000', 'loc206@doc.com', NULL, 'locum206', 'loc206', NULL, NULL, 1),
	(207, b'1', '98889888', '2022-11-02 10:00:00.000000', 'loc207@doc.com', NULL, 'locum207', 'loc207', NULL, NULL, 1),
	(208, b'1', '98889888', '2022-11-02 10:00:00.000000', 'loc208@doc.com', NULL, 'locum208', 'loc208', NULL, NULL, 1),
	(209, b'1', '98889888', '2022-11-02 10:00:00.000000', 'loc209@doc.com', NULL, 'locum209', 'loc209', NULL, NULL, 1),
	(210, b'1', '98889888', '2022-11-02 10:00:00.000000', 'loc210@doc.com', NULL, 'locum210', 'loc210', NULL, NULL, 1),
	(211, b'1', '98889888', '2022-11-02 10:00:00.000000', 'loc211@doc.com', NULL, 'locum211', 'loc211', NULL, NULL, 1),
	(212, b'1', '98889888', '2022-11-02 10:00:00.000000', 'loc212@doc.com', NULL, 'locum212', 'loc212', NULL, NULL, 1),
	(213, b'1', '98889888', '2022-11-02 10:00:00.000000', 'loc213@doc.com', NULL, 'locum213', 'loc213', NULL, NULL, 1),
	(214, b'1', '98889888', '2022-11-02 10:00:00.000000', 'loc214@doc.com', NULL, 'locum214', 'loc214', NULL, NULL, 1),
	(215, b'1', '98889888', '2022-11-02 10:00:00.000000', 'loc215@doc.com', NULL, 'locum215', 'loc215', NULL, NULL, 1),
	(216, b'1', '98889888', '2022-11-02 10:00:00.000000', 'loc216@doc.com', NULL, 'locum216', 'loc216', NULL, NULL, 1),
	(217, b'1', '98889888', '2022-11-02 10:00:00.000000', 'loc217@doc.com', NULL, 'locum217', 'loc217', NULL, NULL, 1),
	(218, b'1', '98889888', '2022-10-02 10:00:00.000000', 'cUser218@clinic.com', NULL, 'clinicUser218', 'cUser218', NULL, 1, 2),
	(219, b'1', '98889888', '2022-10-02 10:00:00.000000', 'cUser219@clinic.com', NULL, 'clinicUser219', 'cUser219', NULL, 1, 2),
	(220, b'1', '98889888', '2022-10-02 10:00:00.000000', 'cUser220@clinic.com', NULL, 'clinicUser220', 'cUser220', NULL, 1, 2),
	(221, b'1', '98889888', '2022-10-02 10:00:00.000000', 'cUser221@clinic.com', NULL, 'clinicUser221', 'cUser221', NULL, 1, 2),
	(222, b'1', '98889888', '2022-10-02 10:00:00.000000', 'cUser222@clinic.com', NULL, 'clinicUser222', 'cUser222', NULL, 1, 2),
	(223, b'1', '98889888', '2022-10-02 10:00:00.000000', 'cUser223@clinic.com', NULL, 'clinicUser223', 'cUser223', NULL, 1, 2),
	(224, b'1', '98889888', '2022-10-02 10:00:00.000000', 'cUser224@clinic.com', NULL, 'clinicUser224', 'cUser224', NULL, 1, 2),
	(225, b'1', '98889888', '2022-10-02 10:00:00.000000', 'cUser225@clinic.com', NULL, 'clinicUser225', 'cUser225', NULL, 1, 2),
	(226, b'1', '98889888', '2022-10-02 10:00:00.000000', 'cUser226@clinic.com', NULL, 'clinicUser226', 'cUser226', NULL, 1, 2),
	(227, b'1', '98889888', '2022-10-02 10:00:00.000000', 'cUser227@clinic.com', NULL, 'clinicUser227', 'cUser227', NULL, 1, 2),
	(228, b'1', '98889888', '2022-10-02 10:00:00.000000', 'cUser228@clinic.com', NULL, 'clinicUser228', 'cUser228', NULL, 1, 2),
	(229, b'1', '98889888', '2022-10-02 10:00:00.000000', 'cUser229@clinic.com', NULL, 'clinicUser229', 'cUser229', NULL, 1, 2),
	(230, b'1', '98889888', '2022-10-02 10:00:00.000000', 'cUser230@clinic.com', NULL, 'clinicUser230', 'cUser230', NULL, 1, 2),
	(231, b'1', '98889888', '2022-10-02 10:00:00.000000', 'cUser231@clinic.com', NULL, 'clinicUser231', 'cUser231', NULL, 1, 2),
	(232, b'1', '98889888', '2022-10-02 10:00:00.000000', 'cUser232@clinic.com', NULL, 'clinicUser232', 'cUser232', NULL, 1, 2),
	(233, b'1', '98889888', '2022-10-02 10:00:00.000000', 'loc233@doc.com', NULL, 'locum233', 'loc233', NULL, NULL, 1),
	(234, b'1', '98889888', '2022-10-02 10:00:00.000000', 'loc234@doc.com', NULL, 'locum234', 'loc234', NULL, NULL, 1),
	(235, b'1', '98889888', '2022-10-02 10:00:00.000000', 'loc235@doc.com', NULL, 'locum235', 'loc235', NULL, NULL, 1),
	(236, b'1', '98889888', '2022-10-02 10:00:00.000000', 'loc236@doc.com', NULL, 'locum236', 'loc236', NULL, NULL, 1),
	(237, b'1', '98889888', '2022-10-02 10:00:00.000000', 'loc237@doc.com', NULL, 'locum237', 'loc237', NULL, NULL, 1),
	(238, b'1', '98889888', '2022-10-02 10:00:00.000000', 'loc238@doc.com', NULL, 'locum238', 'loc238', NULL, NULL, 1),
	(239, b'1', '98889888', '2022-10-02 10:00:00.000000', 'loc239@doc.com', NULL, 'locum239', 'loc239', NULL, NULL, 1),
	(240, b'1', '98889888', '2022-10-02 10:00:00.000000', 'loc240@doc.com', NULL, 'locum240', 'loc240', NULL, NULL, 1),
	(241, b'1', '98889888', '2022-10-02 10:00:00.000000', 'loc241@doc.com', NULL, 'locum241', 'loc241', NULL, NULL, 1),
	(242, b'1', '98889888', '2022-10-02 10:00:00.000000', 'loc242@doc.com', NULL, 'locum242', 'loc242', NULL, NULL, 1),
	(243, b'1', '98889888', '2022-10-02 10:00:00.000000', 'loc243@doc.com', NULL, 'locum243', 'loc243', NULL, NULL, 1),
	(244, b'1', '98889888', '2022-10-02 10:00:00.000000', 'loc244@doc.com', NULL, 'locum244', 'loc244', NULL, NULL, 1),
	(245, b'1', '98889888', '2022-10-02 10:00:00.000000', 'loc245@doc.com', NULL, 'locum245', 'loc245', NULL, NULL, 1),
	(246, b'1', '98889888', '2022-10-02 10:00:00.000000', 'loc246@doc.com', NULL, 'locum246', 'loc246', NULL, NULL, 1),
	(247, b'1', '98889888', '2022-10-02 10:00:00.000000', 'loc247@doc.com', NULL, 'locum247', 'loc247', NULL, NULL, 1),
	(248, b'1', '98889888', '2022-10-02 10:00:00.000000', 'loc248@doc.com', NULL, 'locum248', 'loc248', NULL, NULL, 1),
	(249, b'1', '98889888', '2022-10-02 10:00:00.000000', 'loc249@doc.com', NULL, 'locum249', 'loc249', NULL, NULL, 1),
	(250, b'1', '98889888', '2022-10-02 10:00:00.000000', 'loc250@doc.com', NULL, 'locum250', 'loc250', NULL, NULL, 1),
	(251, b'1', '98889888', '2022-10-02 10:00:00.000000', 'loc251@doc.com', NULL, 'locum251', 'loc251', NULL, NULL, 1),
	(252, b'1', '98889888', '2022-10-02 10:00:00.000000', 'loc252@doc.com', NULL, 'locum252', 'loc252', NULL, NULL, 1),
	(253, b'1', '98889888', '2022-10-02 10:00:00.000000', 'loc253@doc.com', NULL, 'locum253', 'loc253', NULL, NULL, 1),
	(254, b'1', '98889888', '2022-10-02 10:00:00.000000', 'loc254@doc.com', NULL, 'locum254', 'loc254', NULL, NULL, 1),
	(255, b'1', '98889888', '2022-10-02 10:00:00.000000', 'loc255@doc.com', NULL, 'locum255', 'loc255', NULL, NULL, 1),
	(256, b'1', '98889888', '2022-10-02 10:00:00.000000', 'loc256@doc.com', NULL, 'locum256', 'loc256', NULL, NULL, 1),
	(257, b'1', '98889888', '2022-10-02 10:00:00.000000', 'loc257@doc.com', NULL, 'locum257', 'loc257', NULL, NULL, 1),
	(258, b'1', '98889888', '2022-10-02 10:00:00.000000', 'loc258@doc.com', NULL, 'locum258', 'loc258', NULL, NULL, 1),
	(259, b'1', '98889888', '2022-10-02 10:00:00.000000', 'loc259@doc.com', NULL, 'locum259', 'loc259', NULL, NULL, 1),
	(260, b'1', '98889888', '2022-10-02 10:00:00.000000', 'loc260@doc.com', NULL, 'locum260', 'loc260', NULL, NULL, 1),
	(261, b'1', '98889888', '2022-09-02 10:00:00.000000', 'cUser261@clinic.com', NULL, 'clinicUser261', 'cUser261', NULL, 1, 2),
	(262, b'1', '98889888', '2022-09-02 10:00:00.000000', 'cUser262@clinic.com', NULL, 'clinicUser262', 'cUser262', NULL, 1, 2),
	(263, b'1', '98889888', '2022-09-02 10:00:00.000000', 'cUser263@clinic.com', NULL, 'clinicUser263', 'cUser263', NULL, 1, 2),
	(264, b'1', '98889888', '2022-09-02 10:00:00.000000', 'cUser264@clinic.com', NULL, 'clinicUser264', 'cUser264', NULL, 1, 2),
	(265, b'1', '98889888', '2022-09-02 10:00:00.000000', 'cUser265@clinic.com', NULL, 'clinicUser265', 'cUser265', NULL, 1, 2),
	(266, b'1', '98889888', '2022-09-02 10:00:00.000000', 'cUser266@clinic.com', NULL, 'clinicUser266', 'cUser266', NULL, 1, 2),
	(267, b'1', '98889888', '2022-09-02 10:00:00.000000', 'cUser267@clinic.com', NULL, 'clinicUser267', 'cUser267', NULL, 1, 2),
	(268, b'1', '98889888', '2022-09-02 10:00:00.000000', 'cUser268@clinic.com', NULL, 'clinicUser268', 'cUser268', NULL, 1, 2),
	(269, b'1', '98889888', '2022-09-02 10:00:00.000000', 'cUser269@clinic.com', NULL, 'clinicUser269', 'cUser269', NULL, 1, 2),
	(270, b'1', '98889888', '2022-09-02 10:00:00.000000', 'cUser270@clinic.com', NULL, 'clinicUser270', 'cUser270', NULL, 1, 2),
	(271, b'1', '98889888', '2022-09-02 10:00:00.000000', 'cUser271@clinic.com', NULL, 'clinicUser271', 'cUser271', NULL, 1, 2),
	(272, b'1', '98889888', '2022-09-02 10:00:00.000000', 'cUser272@clinic.com', NULL, 'clinicUser272', 'cUser272', NULL, 1, 2),
	(273, b'1', '98889888', '2022-09-02 10:00:00.000000', 'loc273@doc.com', NULL, 'locum273', 'loc273', NULL, NULL, 1),
	(274, b'1', '98889888', '2022-09-02 10:00:00.000000', 'loc274@doc.com', NULL, 'locum274', 'loc274', NULL, NULL, 1),
	(275, b'1', '98889888', '2022-09-02 10:00:00.000000', 'loc275@doc.com', NULL, 'locum275', 'loc275', NULL, NULL, 1),
	(276, b'1', '98889888', '2022-09-02 10:00:00.000000', 'loc276@doc.com', NULL, 'locum276', 'loc276', NULL, NULL, 1),
	(277, b'1', '98889888', '2022-09-02 10:00:00.000000', 'loc277@doc.com', NULL, 'locum277', 'loc277', NULL, NULL, 1),
	(278, b'1', '98889888', '2022-09-02 10:00:00.000000', 'loc278@doc.com', NULL, 'locum278', 'loc278', NULL, NULL, 1),
	(279, b'1', '98889888', '2022-09-02 10:00:00.000000', 'loc279@doc.com', NULL, 'locum279', 'loc279', NULL, NULL, 1),
	(280, b'1', '98889888', '2022-09-02 10:00:00.000000', 'loc280@doc.com', NULL, 'locum280', 'loc280', NULL, NULL, 1),
	(281, b'1', '98889888', '2022-09-02 10:00:00.000000', 'loc281@doc.com', NULL, 'locum281', 'loc281', NULL, NULL, 1),
	(282, b'1', '98889888', '2022-09-02 10:00:00.000000', 'loc282@doc.com', NULL, 'locum282', 'loc282', NULL, NULL, 1),
	(283, b'1', '98889888', '2022-09-02 10:00:00.000000', 'loc283@doc.com', NULL, 'locum283', 'loc283', NULL, NULL, 1),
	(284, b'1', '98889888', '2022-09-02 10:00:00.000000', 'loc284@doc.com', NULL, 'locum284', 'loc284', NULL, NULL, 1),
	(285, b'1', '98889888', '2022-09-02 10:00:00.000000', 'loc285@doc.com', NULL, 'locum285', 'loc285', NULL, NULL, 1),
	(286, b'1', '98889888', '2022-09-02 10:00:00.000000', 'loc286@doc.com', NULL, 'locum286', 'loc286', NULL, NULL, 1),
	(287, b'1', '98889888', '2022-09-02 10:00:00.000000', 'loc287@doc.com', NULL, 'locum287', 'loc287', NULL, NULL, 1),
	(288, b'1', '98889888', '2022-09-02 10:00:00.000000', 'loc288@doc.com', NULL, 'locum288', 'loc288', NULL, NULL, 1),
	(289, b'1', '98889888', '2022-09-02 10:00:00.000000', 'loc289@doc.com', NULL, 'locum289', 'loc289', NULL, NULL, 1),
	(290, b'1', '98889888', '2022-09-02 10:00:00.000000', 'loc290@doc.com', NULL, 'locum290', 'loc290', NULL, NULL, 1),
	(291, b'1', '98889888', '2022-09-02 10:00:00.000000', 'loc291@doc.com', NULL, 'locum291', 'loc291', NULL, NULL, 1),
	(292, b'1', '98889888', '2022-09-02 10:00:00.000000', 'loc292@doc.com', NULL, 'locum292', 'loc292', NULL, NULL, 1),
	(293, b'1', '98889888', '2022-09-02 10:00:00.000000', 'loc293@doc.com', NULL, 'locum293', 'loc293', NULL, NULL, 1),
	(294, b'1', '98889888', '2022-08-02 10:00:00.000000', 'cUser294@clinic.com', NULL, 'clinicUser294', 'cUser294', NULL, 1, 2),
	(295, b'1', '98889888', '2022-08-02 10:00:00.000000', 'cUser295@clinic.com', NULL, 'clinicUser295', 'cUser295', NULL, 1, 2),
	(296, b'1', '98889888', '2022-08-02 10:00:00.000000', 'cUser296@clinic.com', NULL, 'clinicUser296', 'cUser296', NULL, 1, 2),
	(297, b'1', '98889888', '2022-08-02 10:00:00.000000', 'cUser297@clinic.com', NULL, 'clinicUser297', 'cUser297', NULL, 1, 2),
	(298, b'1', '98889888', '2022-08-02 10:00:00.000000', 'cUser298@clinic.com', NULL, 'clinicUser298', 'cUser298', NULL, 1, 2),
	(299, b'1', '98889888', '2022-08-02 10:00:00.000000', 'cUser299@clinic.com', NULL, 'clinicUser299', 'cUser299', NULL, 1, 2),
	(300, b'1', '98889888', '2022-08-02 10:00:00.000000', 'cUser300@clinic.com', NULL, 'clinicUser300', 'cUser300', NULL, 1, 2),
	(301, b'1', '98889888', '2022-08-02 10:00:00.000000', 'cUser301@clinic.com', NULL, 'clinicUser301', 'cUser301', NULL, 1, 2),
	(302, b'1', '98889888', '2022-08-02 10:00:00.000000', 'cUser302@clinic.com', NULL, 'clinicUser302', 'cUser302', NULL, 1, 2),
	(303, b'1', '98889888', '2022-08-02 10:00:00.000000', 'cUser303@clinic.com', NULL, 'clinicUser303', 'cUser303', NULL, 1, 2),
	(304, b'1', '98889888', '2022-08-02 10:00:00.000000', 'cUser304@clinic.com', NULL, 'clinicUser304', 'cUser304', NULL, 1, 2),
	(305, b'1', '98889888', '2022-08-02 10:00:00.000000', 'cUser305@clinic.com', NULL, 'clinicUser305', 'cUser305', NULL, 1, 2),
	(306, b'1', '98889888', '2022-08-02 10:00:00.000000', 'cUser306@clinic.com', NULL, 'clinicUser306', 'cUser306', NULL, 1, 2),
	(307, b'1', '98889888', '2022-08-02 10:00:00.000000', 'cUser307@clinic.com', NULL, 'clinicUser307', 'cUser307', NULL, 1, 2),
	(308, b'1', '98889888', '2022-08-02 10:00:00.000000', 'cUser308@clinic.com', NULL, 'clinicUser308', 'cUser308', NULL, 1, 2),
	(309, b'1', '98889888', '2022-08-02 10:00:00.000000', 'cUser309@clinic.com', NULL, 'clinicUser309', 'cUser309', NULL, 1, 2),
	(310, b'1', '98889888', '2022-08-02 10:00:00.000000', 'cUser310@clinic.com', NULL, 'clinicUser310', 'cUser310', NULL, 1, 2),
	(311, b'1', '98889888', '2022-08-02 10:00:00.000000', 'cUser311@clinic.com', NULL, 'clinicUser311', 'cUser311', NULL, 1, 2),
	(312, b'1', '98889888', '2022-08-02 10:00:00.000000', 'loc312@doc.com', NULL, 'locum312', 'loc312', NULL, NULL, 1),
	(313, b'1', '98889888', '2022-08-02 10:00:00.000000', 'loc313@doc.com', NULL, 'locum313', 'loc313', NULL, NULL, 1),
	(314, b'1', '98889888', '2022-08-02 10:00:00.000000', 'loc314@doc.com', NULL, 'locum314', 'loc314', NULL, NULL, 1),
	(315, b'1', '98889888', '2022-08-02 10:00:00.000000', 'loc315@doc.com', NULL, 'locum315', 'loc315', NULL, NULL, 1),
	(316, b'1', '98889888', '2022-08-02 10:00:00.000000', 'loc316@doc.com', NULL, 'locum316', 'loc316', NULL, NULL, 1),
	(317, b'1', '98889888', '2022-08-02 10:00:00.000000', 'loc317@doc.com', NULL, 'locum317', 'loc317', NULL, NULL, 1),
	(318, b'1', '98889888', '2022-08-02 10:00:00.000000', 'loc318@doc.com', NULL, 'locum318', 'loc318', NULL, NULL, 1),
	(319, b'1', '98889888', '2022-08-02 10:00:00.000000', 'loc319@doc.com', NULL, 'locum319', 'loc319', NULL, NULL, 1),
	(320, b'1', '98889888', '2022-08-02 10:00:00.000000', 'loc320@doc.com', NULL, 'locum320', 'loc320', NULL, NULL, 1),
	(321, b'1', '98889888', '2022-08-02 10:00:00.000000', 'loc321@doc.com', NULL, 'locum321', 'loc321', NULL, NULL, 1),
	(322, b'1', '98889888', '2022-08-02 10:00:00.000000', 'loc322@doc.com', NULL, 'locum322', 'loc322', NULL, NULL, 1),
	(323, b'1', '98889888', '2022-08-02 10:00:00.000000', 'loc323@doc.com', NULL, 'locum323', 'loc323', NULL, NULL, 1),
	(324, b'1', '98889888', '2022-08-02 10:00:00.000000', 'loc324@doc.com', NULL, 'locum324', 'loc324', NULL, NULL, 1),
	(325, b'1', '98889888', '2022-08-02 10:00:00.000000', 'loc325@doc.com', NULL, 'locum325', 'loc325', NULL, NULL, 1),
	(326, b'1', '98889888', '2022-08-02 10:00:00.000000', 'loc326@doc.com', NULL, 'locum326', 'loc326', NULL, NULL, 1),
	(327, b'1', '98889888', '2022-08-02 10:00:00.000000', 'loc327@doc.com', NULL, 'locum327', 'loc327', NULL, NULL, 1),
	(328, b'1', '98889888', '2022-08-02 10:00:00.000000', 'loc328@doc.com', NULL, 'locum328', 'loc328', NULL, NULL, 1),
	(329, b'1', '98889888', '2022-08-02 10:00:00.000000', 'loc329@doc.com', NULL, 'locum329', 'loc329', NULL, NULL, 1),
	(330, b'1', '98889888', '2022-08-02 10:00:00.000000', 'loc330@doc.com', NULL, 'locum330', 'loc330', NULL, NULL, 1),
	(331, b'1', '98889888', '2022-08-02 10:00:00.000000', 'loc331@doc.com', NULL, 'locum331', 'loc331', NULL, NULL, 1),
	(332, b'1', '98889888', '2022-08-02 10:00:00.000000', 'loc332@doc.com', NULL, 'locum332', 'loc332', NULL, NULL, 1),
	(333, b'1', '98889888', '2022-08-02 10:00:00.000000', 'loc333@doc.com', NULL, 'locum333', 'loc333', NULL, NULL, 1),
	(334, b'1', '98889888', '2022-08-02 10:00:00.000000', 'loc334@doc.com', NULL, 'locum334', 'loc334', NULL, NULL, 1),
	(335, b'1', '98889888', '2022-08-02 10:00:00.000000', 'loc335@doc.com', NULL, 'locum335', 'loc335', NULL, NULL, 1),
	(336, b'1', '98889888', '2022-08-02 10:00:00.000000', 'loc336@doc.com', NULL, 'locum336', 'loc336', NULL, NULL, 1),
	(337, b'1', '98889888', '2022-08-02 10:00:00.000000', 'loc337@doc.com', NULL, 'locum337', 'loc337', NULL, NULL, 1),
	(338, b'1', '98889888', '2022-08-02 10:00:00.000000', 'loc338@doc.com', NULL, 'locum338', 'loc338', NULL, NULL, 1),
	(339, b'1', '98889888', '2022-08-02 10:00:00.000000', 'loc339@doc.com', NULL, 'locum339', 'loc339', NULL, NULL, 1),
	(340, b'1', '98889888', '2022-07-02 10:00:00.000000', 'cUser340@clinic.com', NULL, 'clinicUser340', 'cUser340', NULL, 1, 2),
	(341, b'1', '98889888', '2022-07-02 10:00:00.000000', 'cUser341@clinic.com', NULL, 'clinicUser341', 'cUser341', NULL, 1, 2),
	(342, b'1', '98889888', '2022-07-02 10:00:00.000000', 'cUser342@clinic.com', NULL, 'clinicUser342', 'cUser342', NULL, 1, 2),
	(343, b'1', '98889888', '2022-07-02 10:00:00.000000', 'cUser343@clinic.com', NULL, 'clinicUser343', 'cUser343', NULL, 1, 2),
	(344, b'1', '98889888', '2022-07-02 10:00:00.000000', 'cUser344@clinic.com', NULL, 'clinicUser344', 'cUser344', NULL, 1, 2),
	(345, b'1', '98889888', '2022-07-02 10:00:00.000000', 'cUser345@clinic.com', NULL, 'clinicUser345', 'cUser345', NULL, 1, 2),
	(346, b'1', '98889888', '2022-07-02 10:00:00.000000', 'cUser346@clinic.com', NULL, 'clinicUser346', 'cUser346', NULL, 1, 2),
	(347, b'1', '98889888', '2022-07-02 10:00:00.000000', 'cUser347@clinic.com', NULL, 'clinicUser347', 'cUser347', NULL, 1, 2),
	(348, b'1', '98889888', '2022-07-02 10:00:00.000000', 'cUser348@clinic.com', NULL, 'clinicUser348', 'cUser348', NULL, 1, 2),
	(349, b'1', '98889888', '2022-07-02 10:00:00.000000', 'cUser349@clinic.com', NULL, 'clinicUser349', 'cUser349', NULL, 1, 2),
	(350, b'1', '98889888', '2022-07-02 10:00:00.000000', 'cUser350@clinic.com', NULL, 'clinicUser350', 'cUser350', NULL, 1, 2),
	(351, b'1', '98889888', '2022-07-02 10:00:00.000000', 'cUser351@clinic.com', NULL, 'clinicUser351', 'cUser351', NULL, 1, 2),
	(352, b'1', '98889888', '2022-07-02 10:00:00.000000', 'cUser352@clinic.com', NULL, 'clinicUser352', 'cUser352', NULL, 1, 2),
	(353, b'1', '98889888', '2022-07-02 10:00:00.000000', 'cUser353@clinic.com', NULL, 'clinicUser353', 'cUser353', NULL, 1, 2),
	(354, b'1', '98889888', '2022-07-02 10:00:00.000000', 'cUser354@clinic.com', NULL, 'clinicUser354', 'cUser354', NULL, 1, 2),
	(355, b'1', '98889888', '2022-07-02 10:00:00.000000', 'cUser355@clinic.com', NULL, 'clinicUser355', 'cUser355', NULL, 1, 2),
	(356, b'1', '98889888', '2022-07-02 10:00:00.000000', 'cUser356@clinic.com', NULL, 'clinicUser356', 'cUser356', NULL, 1, 2),
	(357, b'1', '98889888', '2022-07-02 10:00:00.000000', 'cUser357@clinic.com', NULL, 'clinicUser357', 'cUser357', NULL, 1, 2),
	(358, b'1', '98889888', '2022-07-02 10:00:00.000000', 'loc358@doc.com', NULL, 'locum358', 'loc358', NULL, NULL, 1),
	(359, b'1', '98889888', '2022-07-02 10:00:00.000000', 'loc359@doc.com', NULL, 'locum359', 'loc359', NULL, NULL, 1),
	(360, b'1', '98889888', '2022-07-02 10:00:00.000000', 'loc360@doc.com', NULL, 'locum360', 'loc360', NULL, NULL, 1),
	(361, b'1', '98889888', '2022-07-02 10:00:00.000000', 'loc361@doc.com', NULL, 'locum361', 'loc361', NULL, NULL, 1),
	(362, b'1', '98889888', '2022-07-02 10:00:00.000000', 'loc362@doc.com', NULL, 'locum362', 'loc362', NULL, NULL, 1),
	(363, b'1', '98889888', '2022-07-02 10:00:00.000000', 'loc363@doc.com', NULL, 'locum363', 'loc363', NULL, NULL, 1),
	(364, b'1', '98889888', '2022-07-02 10:00:00.000000', 'loc364@doc.com', NULL, 'locum364', 'loc364', NULL, NULL, 1),
	(365, b'1', '98889888', '2022-07-02 10:00:00.000000', 'loc365@doc.com', NULL, 'locum365', 'loc365', NULL, NULL, 1),
	(366, b'1', '98889888', '2022-07-02 10:00:00.000000', 'loc366@doc.com', NULL, 'locum366', 'loc366', NULL, NULL, 1),
	(367, b'1', '98889888', '2022-07-02 10:00:00.000000', 'loc367@doc.com', NULL, 'locum367', 'loc367', NULL, NULL, 1),
	(368, b'1', '98889888', '2022-07-02 10:00:00.000000', 'loc368@doc.com', NULL, 'locum368', 'loc368', NULL, NULL, 1),
	(369, b'1', '98889888', '2022-07-02 10:00:00.000000', 'loc369@doc.com', NULL, 'locum369', 'loc369', NULL, NULL, 1),
	(370, b'1', '98889888', '2022-07-02 10:00:00.000000', 'loc370@doc.com', NULL, 'locum370', 'loc370', NULL, NULL, 1),
	(371, b'1', '98889888', '2022-07-02 10:00:00.000000', 'loc371@doc.com', NULL, 'locum371', 'loc371', NULL, NULL, 1),
	(372, b'1', '98889888', '2022-07-02 10:00:00.000000', 'loc372@doc.com', NULL, 'locum372', 'loc372', NULL, NULL, 1),
	(373, b'1', '98889888', '2022-07-02 10:00:00.000000', 'loc373@doc.com', NULL, 'locum373', 'loc373', NULL, NULL, 1),
	(374, b'1', '98889888', '2022-07-02 10:00:00.000000', 'loc374@doc.com', NULL, 'locum374', 'loc374', NULL, NULL, 1),
	(375, b'1', '98889888', '2022-07-02 10:00:00.000000', 'loc375@doc.com', NULL, 'locum375', 'loc375', NULL, NULL, 1),
	(376, b'1', '98889888', '2022-07-02 10:00:00.000000', 'loc376@doc.com', NULL, 'locum376', 'loc376', NULL, NULL, 1),
	(377, b'1', '98889888', '2022-07-02 10:00:00.000000', 'loc377@doc.com', NULL, 'locum377', 'loc377', NULL, NULL, 1),
	(378, b'1', '98889888', '2022-07-02 10:00:00.000000', 'loc378@doc.com', NULL, 'locum378', 'loc378', NULL, NULL, 1),
	(379, b'1', '98889888', '2022-07-02 10:00:00.000000', 'loc379@doc.com', NULL, 'locum379', 'loc379', NULL, NULL, 1),
	(380, b'1', '98889888', '2022-07-02 10:00:00.000000', 'loc380@doc.com', NULL, 'locum380', 'loc380', NULL, NULL, 1),
	(381, b'1', '98889888', '2022-07-02 10:00:00.000000', 'loc381@doc.com', NULL, 'locum381', 'loc381', NULL, NULL, 1),
	(382, b'1', '98889888', '2022-06-02 10:00:00.000000', 'cUser382@clinic.com', NULL, 'clinicUser382', 'cUser382', NULL, 1, 2),
	(383, b'1', '98889888', '2022-06-02 10:00:00.000000', 'cUser383@clinic.com', NULL, 'clinicUser383', 'cUser383', NULL, 1, 2),
	(384, b'1', '98889888', '2022-06-02 10:00:00.000000', 'cUser384@clinic.com', NULL, 'clinicUser384', 'cUser384', NULL, 1, 2),
	(385, b'1', '98889888', '2022-06-02 10:00:00.000000', 'cUser385@clinic.com', NULL, 'clinicUser385', 'cUser385', NULL, 1, 2),
	(386, b'1', '98889888', '2022-06-02 10:00:00.000000', 'cUser386@clinic.com', NULL, 'clinicUser386', 'cUser386', NULL, 1, 2),
	(387, b'1', '98889888', '2022-06-02 10:00:00.000000', 'cUser387@clinic.com', NULL, 'clinicUser387', 'cUser387', NULL, 1, 2),
	(388, b'1', '98889888', '2022-06-02 10:00:00.000000', 'cUser388@clinic.com', NULL, 'clinicUser388', 'cUser388', NULL, 1, 2),
	(389, b'1', '98889888', '2022-06-02 10:00:00.000000', 'cUser389@clinic.com', NULL, 'clinicUser389', 'cUser389', NULL, 1, 2),
	(390, b'1', '98889888', '2022-06-02 10:00:00.000000', 'cUser390@clinic.com', NULL, 'clinicUser390', 'cUser390', NULL, 1, 2),
	(391, b'1', '98889888', '2022-06-02 10:00:00.000000', 'cUser391@clinic.com', NULL, 'clinicUser391', 'cUser391', NULL, 1, 2),
	(392, b'1', '98889888', '2022-06-02 10:00:00.000000', 'cUser392@clinic.com', NULL, 'clinicUser392', 'cUser392', NULL, 1, 2),
	(393, b'1', '98889888', '2022-06-02 10:00:00.000000', 'cUser393@clinic.com', NULL, 'clinicUser393', 'cUser393', NULL, 1, 2),
	(394, b'1', '98889888', '2022-06-02 10:00:00.000000', 'cUser394@clinic.com', NULL, 'clinicUser394', 'cUser394', NULL, 1, 2),
	(395, b'1', '98889888', '2022-06-02 10:00:00.000000', 'loc395@doc.com', NULL, 'locum395', 'loc395', NULL, NULL, 1),
	(396, b'1', '98889888', '2022-06-02 10:00:00.000000', 'loc396@doc.com', NULL, 'locum396', 'loc396', NULL, NULL, 1),
	(397, b'1', '98889888', '2022-06-02 10:00:00.000000', 'loc397@doc.com', NULL, 'locum397', 'loc397', NULL, NULL, 1),
	(398, b'1', '98889888', '2022-06-02 10:00:00.000000', 'loc398@doc.com', NULL, 'locum398', 'loc398', NULL, NULL, 1),
	(399, b'1', '98889888', '2022-06-02 10:00:00.000000', 'loc399@doc.com', NULL, 'locum399', 'loc399', NULL, NULL, 1),
	(400, b'1', '98889888', '2022-06-02 10:00:00.000000', 'loc400@doc.com', NULL, 'locum400', 'loc400', NULL, NULL, 1),
	(401, b'1', '98889888', '2022-06-02 10:00:00.000000', 'loc401@doc.com', NULL, 'locum401', 'loc401', NULL, NULL, 1),
	(402, b'1', '98889888', '2022-06-02 10:00:00.000000', 'loc402@doc.com', NULL, 'locum402', 'loc402', NULL, NULL, 1),
	(403, b'1', '98889888', '2022-06-02 10:00:00.000000', 'loc403@doc.com', NULL, 'locum403', 'loc403', NULL, NULL, 1),
	(404, b'1', '98889888', '2022-06-02 10:00:00.000000', 'loc404@doc.com', NULL, 'locum404', 'loc404', NULL, NULL, 1),
	(405, b'1', '98889888', '2022-06-02 10:00:00.000000', 'loc405@doc.com', NULL, 'locum405', 'loc405', NULL, NULL, 1),
	(406, b'1', '98889888', '2022-06-02 10:00:00.000000', 'loc406@doc.com', NULL, 'locum406', 'loc406', NULL, NULL, 1),
	(407, b'1', '98889888', '2022-06-02 10:00:00.000000', 'loc407@doc.com', NULL, 'locum407', 'loc407', NULL, NULL, 1),
	(408, b'1', '98889888', '2022-06-02 10:00:00.000000', 'loc408@doc.com', NULL, 'locum408', 'loc408', NULL, NULL, 1),
	(409, b'1', '98889888', '2022-06-02 10:00:00.000000', 'loc409@doc.com', NULL, 'locum409', 'loc409', NULL, NULL, 1),
	(410, b'1', '98889888', '2022-06-02 10:00:00.000000', 'loc410@doc.com', NULL, 'locum410', 'loc410', NULL, NULL, 1),
	(411, b'1', '98889888', '2022-06-02 10:00:00.000000', 'loc411@doc.com', NULL, 'locum411', 'loc411', NULL, NULL, 1),
	(412, b'1', '98889888', '2022-06-02 10:00:00.000000', 'loc412@doc.com', NULL, 'locum412', 'loc412', NULL, NULL, 1),
	(413, b'1', '98889888', '2022-06-02 10:00:00.000000', 'loc413@doc.com', NULL, 'locum413', 'loc413', NULL, NULL, 1),
	(414, b'1', '98889888', '2022-05-02 10:00:00.000000', 'cUser414@clinic.com', NULL, 'clinicUser414', 'cUser414', NULL, 1, 2),
	(415, b'1', '98889888', '2022-05-02 10:00:00.000000', 'cUser415@clinic.com', NULL, 'clinicUser415', 'cUser415', NULL, 1, 2),
	(416, b'1', '98889888', '2022-05-02 10:00:00.000000', 'cUser416@clinic.com', NULL, 'clinicUser416', 'cUser416', NULL, 1, 2),
	(417, b'1', '98889888', '2022-05-02 10:00:00.000000', 'cUser417@clinic.com', NULL, 'clinicUser417', 'cUser417', NULL, 1, 2),
	(418, b'1', '98889888', '2022-05-02 10:00:00.000000', 'cUser418@clinic.com', NULL, 'clinicUser418', 'cUser418', NULL, 1, 2),
	(419, b'1', '98889888', '2022-05-02 10:00:00.000000', 'cUser419@clinic.com', NULL, 'clinicUser419', 'cUser419', NULL, 1, 2),
	(420, b'1', '98889888', '2022-05-02 10:00:00.000000', 'loc420@doc.com', NULL, 'locum420', 'loc420', NULL, NULL, 1),
	(421, b'1', '98889888', '2022-05-02 10:00:00.000000', 'loc421@doc.com', NULL, 'locum421', 'loc421', NULL, NULL, 1),
	(422, b'1', '98889888', '2022-05-02 10:00:00.000000', 'loc422@doc.com', NULL, 'locum422', 'loc422', NULL, NULL, 1),
	(423, b'1', '98889888', '2022-05-02 10:00:00.000000', 'loc423@doc.com', NULL, 'locum423', 'loc423', NULL, NULL, 1),
	(424, b'1', '98889888', '2022-05-02 10:00:00.000000', 'loc424@doc.com', NULL, 'locum424', 'loc424', NULL, NULL, 1),
	(425, b'1', '98889888', '2022-05-02 10:00:00.000000', 'loc425@doc.com', NULL, 'locum425', 'loc425', NULL, NULL, 1),
	(426, b'1', '98889888', '2022-05-02 10:00:00.000000', 'loc426@doc.com', NULL, 'locum426', 'loc426', NULL, NULL, 1),
	(427, b'1', '98889888', '2022-05-02 10:00:00.000000', 'loc427@doc.com', NULL, 'locum427', 'loc427', NULL, NULL, 1),
	(428, b'1', '98889888', '2022-05-02 10:00:00.000000', 'loc428@doc.com', NULL, 'locum428', 'loc428', NULL, NULL, 1),
	(429, b'1', '98889888', '2022-05-02 10:00:00.000000', 'loc429@doc.com', NULL, 'locum429', 'loc429', NULL, NULL, 1),
	(430, b'1', '98889888', '2022-04-02 10:00:00.000000', 'cUser430@clinic.com', NULL, 'clinicUser430', 'cUser430', NULL, 1, 2),
	(431, b'1', '98889888', '2022-04-02 10:00:00.000000', 'cUser431@clinic.com', NULL, 'clinicUser431', 'cUser431', NULL, 1, 2),
	(432, b'1', '98889888', '2022-04-02 10:00:00.000000', 'cUser432@clinic.com', NULL, 'clinicUser432', 'cUser432', NULL, 1, 2),
	(433, b'1', '98889888', '2022-04-02 10:00:00.000000', 'cUser433@clinic.com', NULL, 'clinicUser433', 'cUser433', NULL, 1, 2),
	(434, b'1', '98889888', '2022-04-02 10:00:00.000000', 'cUser434@clinic.com', NULL, 'clinicUser434', 'cUser434', NULL, 1, 2),
	(435, b'1', '98889888', '2022-04-02 10:00:00.000000', 'cUser435@clinic.com', NULL, 'clinicUser435', 'cUser435', NULL, 1, 2),
	(436, b'1', '98889888', '2022-04-02 10:00:00.000000', 'cUser436@clinic.com', NULL, 'clinicUser436', 'cUser436', NULL, 1, 2),
	(437, b'1', '98889888', '2022-04-02 10:00:00.000000', 'cUser437@clinic.com', NULL, 'clinicUser437', 'cUser437', NULL, 1, 2),
	(438, b'1', '98889888', '2022-04-02 10:00:00.000000', 'cUser438@clinic.com', NULL, 'clinicUser438', 'cUser438', NULL, 1, 2),
	(439, b'1', '98889888', '2022-04-02 10:00:00.000000', 'cUser439@clinic.com', NULL, 'clinicUser439', 'cUser439', NULL, 1, 2),
	(440, b'1', '98889888', '2022-04-02 10:00:00.000000', 'cUser440@clinic.com', NULL, 'clinicUser440', 'cUser440', NULL, 1, 2),
	(441, b'1', '98889888', '2022-04-02 10:00:00.000000', 'cUser441@clinic.com', NULL, 'clinicUser441', 'cUser441', NULL, 1, 2),
	(442, b'1', '98889888', '2022-04-02 10:00:00.000000', 'loc442@doc.com', NULL, 'locum442', 'loc442', NULL, NULL, 1),
	(443, b'1', '98889888', '2022-04-02 10:00:00.000000', 'loc443@doc.com', NULL, 'locum443', 'loc443', NULL, NULL, 1),
	(444, b'1', '98889888', '2022-04-02 10:00:00.000000', 'loc444@doc.com', NULL, 'locum444', 'loc444', NULL, NULL, 1),
	(445, b'1', '98889888', '2022-04-02 10:00:00.000000', 'loc445@doc.com', NULL, 'locum445', 'loc445', NULL, NULL, 1),
	(446, b'1', '98889888', '2022-04-02 10:00:00.000000', 'loc446@doc.com', NULL, 'locum446', 'loc446', NULL, NULL, 1),
	(447, b'1', '98889888', '2022-04-02 10:00:00.000000', 'loc447@doc.com', NULL, 'locum447', 'loc447', NULL, NULL, 1),
	(448, b'1', '98889888', '2022-04-02 10:00:00.000000', 'loc448@doc.com', NULL, 'locum448', 'loc448', NULL, NULL, 1),
	(449, b'1', '98889888', '2022-04-02 10:00:00.000000', 'loc449@doc.com', NULL, 'locum449', 'loc449', NULL, NULL, 1),
	(450, b'1', '98889888', '2022-04-02 10:00:00.000000', 'loc450@doc.com', NULL, 'locum450', 'loc450', NULL, NULL, 1),
	(451, b'1', '98889888', '2022-04-02 10:00:00.000000', 'loc451@doc.com', NULL, 'locum451', 'loc451', NULL, NULL, 1),
	(452, b'1', '98889888', '2022-03-02 10:00:00.000000', 'cUser452@clinic.com', NULL, 'clinicUser452', 'cUser452', NULL, 1, 2),
	(453, b'1', '98889888', '2022-03-02 10:00:00.000000', 'cUser453@clinic.com', NULL, 'clinicUser453', 'cUser453', NULL, 1, 2),
	(454, b'1', '98889888', '2022-03-02 10:00:00.000000', 'cUser454@clinic.com', NULL, 'clinicUser454', 'cUser454', NULL, 1, 2),
	(455, b'1', '98889888', '2022-03-02 10:00:00.000000', 'cUser455@clinic.com', NULL, 'clinicUser455', 'cUser455', NULL, 1, 2),
	(456, b'1', '98889888', '2022-03-02 10:00:00.000000', 'cUser456@clinic.com', NULL, 'clinicUser456', 'cUser456', NULL, 1, 2),
	(457, b'1', '98889888', '2022-03-02 10:00:00.000000', 'cUser457@clinic.com', NULL, 'clinicUser457', 'cUser457', NULL, 1, 2),
	(458, b'1', '98889888', '2022-03-02 10:00:00.000000', 'loc458@doc.com', NULL, 'locum458', 'loc458', NULL, NULL, 1),
	(459, b'1', '98889888', '2022-03-02 10:00:00.000000', 'loc459@doc.com', NULL, 'locum459', 'loc459', NULL, NULL, 1),
	(460, b'1', '98889888', '2022-03-02 10:00:00.000000', 'loc460@doc.com', NULL, 'locum460', 'loc460', NULL, NULL, 1),
	(461, b'1', '98889888', '2022-03-02 10:00:00.000000', 'loc461@doc.com', NULL, 'locum461', 'loc461', NULL, NULL, 1),
	(462, b'1', '98889888', '2022-03-02 10:00:00.000000', 'loc462@doc.com', NULL, 'locum462', 'loc462', NULL, NULL, 1),
	(463, b'1', '98889888', '2022-03-02 10:00:00.000000', 'loc463@doc.com', NULL, 'locum463', 'loc463', NULL, NULL, 1);

CREATE TABLE IF NOT EXISTS `user_password` (
  `password` varchar(255) DEFAULT NULL,
  `id` bigint NOT NULL,
  PRIMARY KEY (`id`),
  CONSTRAINT `FK7acrhvp4d09e67w3byvwvyhwe` FOREIGN KEY (`id`) REFERENCES `user` (`id`)
) ENGINE=InnoDB DEFAULT CHARSET=utf8mb4 COLLATE=utf8mb4_0900_ai_ci;

REPLACE INTO `user_password` (`password`, `id`) VALUES
	('password123', 1),
	('password123', 2),
	('password123', 3),
	('password123', 4),
	('password123', 5),
	('password123', 6),
	('luffy', 7),
	('password123', 8),
	('password123', 9),
	('password123', 10),
	('password123', 11),
	('password123', 12),
	('password123', 13),
	('password123', 14),
	('password123', 15),
	('password123', 16),
	('password123', 17),
	('password123', 18),
	('password123', 19),
	('password123', 20),
	('password123', 21),
	('password123', 22),
	('password123', 23),
	('password123', 24),
	('password123', 25),
	('password123', 26),
	('password123', 27),
	('password123', 28),
	('password123', 29),
	('password123', 30),
	('password123', 31),
	('password123', 32),
	('password123', 33),
	('password123', 34),
	('password123', 35),
	('password123', 36),
	('password123', 37),
	('password123', 38),
	('password123', 39),
	('password123', 40),
	('password123', 41),
	('password123', 42),
	('password123', 43),
	('password123', 44),
	('password123', 45),
	('password123', 46),
	('password123', 47),
	('password123', 48),
	('password123', 49),
	('password123', 50),
	('password123', 51),
	('password123', 52),
	('password123', 53),
	('password123', 54),
	('password123', 55),
	('password123', 56),
	('password123', 57),
	('password123', 58),
	('password123', 59),
	('password123', 60),
	('password123', 61),
	('password123', 62),
	('password123', 63),
	('password123', 64),
	('password123', 65),
	('password123', 66),
	('password123', 67),
	('password123', 68),
	('password123', 69),
	('password123', 70),
	('password123', 71),
	('password123', 72),
	('password123', 73),
	('password123', 74),
	('password123', 75),
	('password123', 76),
	('password123', 77),
	('password123', 78),
	('password123', 79),
	('password123', 80),
	('password123', 81),
	('password123', 82),
	('password123', 83),
	('password123', 84),
	('password123', 85),
	('password123', 86),
	('password123', 87),
	('password123', 88),
	('password123', 89),
	('password123', 90),
	('password123', 91),
	('password123', 92),
	('password123', 93),
	('password123', 94),
	('password123', 95),
	('password123', 96),
	('password123', 97),
	('password123', 98),
	('password123', 99),
	('password123', 100),
	('password123', 101),
	('password123', 102),
	('password123', 103),
	('password123', 104),
	('password123', 105),
	('password123', 106),
	('password123', 107),
	('password123', 108),
	('password123', 109),
	('password123', 110),
	('password123', 111),
	('password123', 112),
	('password123', 113),
	('password123', 114),
	('password123', 115),
	('password123', 116),
	('password123', 117),
	('password123', 118),
	('password123', 119),
	('password123', 120),
	('password123', 121),
	('password123', 122),
	('password123', 123),
	('password123', 124),
	('password123', 125),
	('password123', 126),
	('password123', 127),
	('password123', 128),
	('password123', 129),
	('password123', 130),
	('password123', 131),
	('password123', 132),
	('password123', 133),
	('password123', 134),
	('password123', 135),
	('password123', 136),
	('password123', 137),
	('password123', 138),
	('password123', 139),
	('password123', 140),
	('password123', 141),
	('password123', 142),
	('password123', 143),
	('password123', 144),
	('password123', 145),
	('password123', 146),
	('password123', 147),
	('password123', 148),
	('password123', 149),
	('password123', 150),
	('password123', 151),
	('password123', 152),
	('password123', 153),
	('password123', 154),
	('password123', 155),
	('password123', 156),
	('password123', 157),
	('password123', 158),
	('password123', 159),
	('password123', 160),
	('password123', 161),
	('password123', 162),
	('password123', 163),
	('password123', 164),
	('password123', 165),
	('password123', 166),
	('password123', 167),
	('password123', 168),
	('password123', 169),
	('password123', 170),
	('password123', 171),
	('password123', 172),
	('password123', 173),
	('password123', 174),
	('password123', 175),
	('password123', 176),
	('password123', 177),
	('password123', 178),
	('password123', 179),
	('password123', 180),
	('password123', 181),
	('password123', 182),
	('password123', 183),
	('password123', 184),
	('password123', 185),
	('password123', 186),
	('password123', 187),
	('password123', 188),
	('password123', 189),
	('password123', 190),
	('password123', 191),
	('password123', 192),
	('password123', 193),
	('password123', 194),
	('password123', 195),
	('password123', 196),
	('password123', 197),
	('password123', 198),
	('password123', 199),
	('password123', 200),
	('password123', 201),
	('password123', 202),
	('password123', 203),
	('password123', 204),
	('password123', 205),
	('password123', 206),
	('password123', 207),
	('password123', 208),
	('password123', 209),
	('password123', 210),
	('password123', 211),
	('password123', 212),
	('password123', 213),
	('password123', 214),
	('password123', 215),
	('password123', 216),
	('password123', 217),
	('password123', 218),
	('password123', 219),
	('password123', 220),
	('password123', 221),
	('password123', 222),
	('password123', 223),
	('password123', 224),
	('password123', 225),
	('password123', 226),
	('password123', 227),
	('password123', 228),
	('password123', 229),
	('password123', 230),
	('password123', 231),
	('password123', 232),
	('password123', 233),
	('password123', 234),
	('password123', 235),
	('password123', 236),
	('password123', 237),
	('password123', 238),
	('password123', 239),
	('password123', 240),
	('password123', 241),
	('password123', 242),
	('password123', 243),
	('password123', 244),
	('password123', 245),
	('password123', 246),
	('password123', 247),
	('password123', 248),
	('password123', 249),
	('password123', 250),
	('password123', 251),
	('password123', 252),
	('password123', 253),
	('password123', 254),
	('password123', 255),
	('password123', 256),
	('password123', 257),
	('password123', 258),
	('password123', 259),
	('password123', 260),
	('password123', 261),
	('password123', 262),
	('password123', 263),
	('password123', 264),
	('password123', 265),
	('password123', 266),
	('password123', 267),
	('password123', 268),
	('password123', 269),
	('password123', 270),
	('password123', 271),
	('password123', 272),
	('password123', 273),
	('password123', 274),
	('password123', 275),
	('password123', 276),
	('password123', 277),
	('password123', 278),
	('password123', 279),
	('password123', 280),
	('password123', 281),
	('password123', 282),
	('password123', 283),
	('password123', 284),
	('password123', 285),
	('password123', 286),
	('password123', 287),
	('password123', 288),
	('password123', 289),
	('password123', 290),
	('password123', 291),
	('password123', 292),
	('password123', 293),
	('password123', 294),
	('password123', 295),
	('password123', 296),
	('password123', 297),
	('password123', 298),
	('password123', 299),
	('password123', 300),
	('password123', 301),
	('password123', 302),
	('password123', 303),
	('password123', 304),
	('password123', 305),
	('password123', 306),
	('password123', 307),
	('password123', 308),
	('password123', 309),
	('password123', 310),
	('password123', 311),
	('password123', 312),
	('password123', 313),
	('password123', 314),
	('password123', 315),
	('password123', 316),
	('password123', 317),
	('password123', 318),
	('password123', 319),
	('password123', 320),
	('password123', 321),
	('password123', 322),
	('password123', 323),
	('password123', 324),
	('password123', 325),
	('password123', 326),
	('password123', 327),
	('password123', 328),
	('password123', 329),
	('password123', 330),
	('password123', 331),
	('password123', 332),
	('password123', 333),
	('password123', 334),
	('password123', 335),
	('password123', 336),
	('password123', 337),
	('password123', 338),
	('password123', 339),
	('password123', 340),
	('password123', 341),
	('password123', 342),
	('password123', 343),
	('password123', 344),
	('password123', 345),
	('password123', 346),
	('password123', 347),
	('password123', 348),
	('password123', 349),
	('password123', 350),
	('password123', 351),
	('password123', 352),
	('password123', 353),
	('password123', 354),
	('password123', 355),
	('password123', 356),
	('password123', 357),
	('password123', 358),
	('password123', 359),
	('password123', 360),
	('password123', 361),
	('password123', 362),
	('password123', 363),
	('password123', 364),
	('password123', 365),
	('password123', 366),
	('password123', 367),
	('password123', 368),
	('password123', 369),
	('password123', 370),
	('password123', 371),
	('password123', 372),
	('password123', 373),
	('password123', 374),
	('password123', 375),
	('password123', 376),
	('password123', 377),
	('password123', 378),
	('password123', 379),
	('password123', 380),
	('password123', 381),
	('password123', 382),
	('password123', 383),
	('password123', 384),
	('password123', 385),
	('password123', 386),
	('password123', 387),
	('password123', 388),
	('password123', 389),
	('password123', 390),
	('password123', 391),
	('password123', 392),
	('password123', 393),
	('password123', 394),
	('password123', 395),
	('password123', 396),
	('password123', 397),
	('password123', 398),
	('password123', 399),
	('password123', 400),
	('password123', 401),
	('password123', 402),
	('password123', 403),
	('password123', 404),
	('password123', 405),
	('password123', 406),
	('password123', 407),
	('password123', 408),
	('password123', 409),
	('password123', 410),
	('password123', 411),
	('password123', 412),
	('password123', 413),
	('password123', 414),
	('password123', 415),
	('password123', 416),
	('password123', 417),
	('password123', 418),
	('password123', 419),
	('password123', 420),
	('password123', 421),
	('password123', 422),
	('password123', 423),
	('password123', 424),
	('password123', 425),
	('password123', 426),
	('password123', 427),
	('password123', 428),
	('password123', 429),
	('password123', 430),
	('password123', 431),
	('password123', 432),
	('password123', 433),
	('password123', 434),
	('password123', 435),
	('password123', 436),
	('password123', 437),
	('password123', 438),
	('password123', 439),
	('password123', 440),
	('password123', 441),
	('password123', 442),
	('password123', 443),
	('password123', 444),
	('password123', 445),
	('password123', 446),
	('password123', 447),
	('password123', 448),
	('password123', 449),
	('password123', 450),
	('password123', 451),
	('password123', 452),
	('password123', 453),
	('password123', 454),
	('password123', 455),
	('password123', 456),
	('password123', 457),
	('password123', 458),
	('password123', 459),
	('password123', 460),
	('password123', 461),
	('password123', 462),
	('password123', 463);

/*!40103 SET TIME_ZONE=IFNULL(@OLD_TIME_ZONE, 'system') */;
/*!40101 SET SQL_MODE=IFNULL(@OLD_SQL_MODE, '') */;
/*!40014 SET FOREIGN_KEY_CHECKS=IFNULL(@OLD_FOREIGN_KEY_CHECKS, 1) */;
/*!40101 SET CHARACTER_SET_CLIENT=@OLD_CHARACTER_SET_CLIENT */;
/*!40111 SET SQL_NOTES=IFNULL(@OLD_SQL_NOTES, 1) */;
